ISO-10303-21;
HEADER;
/* Generated by software containing ST-Developer
 * from STEP Tools, Inc. (www.steptools.com) 
 */

FILE_DESCRIPTION(
/* description */ (''),
/* implementation_level */ '2;1');

FILE_NAME(
/* name */ 'Texas_VQFN-HR-10_2.1x2.step',
/* time_stamp */ '2026-10-08T01:59:46+01:00',
/* author */ (''),
/* organization */ (''),
/* preprocessor_version */ 'ST-DEVELOPER v20.2',
/* originating_system */ 'Autodesk Translation Framework v15.15.0.0',
/* authorisation */ '');

FILE_SCHEMA (('AUTOMOTIVE_DESIGN { 1 0 10303 214 3 1 1 }'));
ENDSEC;

DATA;
#10=MECHANICAL_DESIGN_GEOMETRIC_PRESENTATION_REPRESENTATION('',(#76,#77,
#78,#79,#80,#81,#82,#83,#84,#85,#86,#87,#88,#89,#90,#91,#92,#93,#94,#95,
#96,#97,#98,#99,#100,#101,#102),#3890);
#11=ITEM_DEFINED_TRANSFORMATION($,$,#2424,#2584);
#12=ITEM_DEFINED_TRANSFORMATION($,$,#2511,#2585);
#13=(
REPRESENTATION_RELATIONSHIP($,$,#3904,#3903)
REPRESENTATION_RELATIONSHIP_WITH_TRANSFORMATION(#11)
SHAPE_REPRESENTATION_RELATIONSHIP()
);
#14=(
REPRESENTATION_RELATIONSHIP($,$,#3905,#3903)
REPRESENTATION_RELATIONSHIP_WITH_TRANSFORMATION(#12)
SHAPE_REPRESENTATION_RELATIONSHIP()
);
#15=CONTEXT_DEPENDENT_SHAPE_REPRESENTATION(#13,#3901);
#16=CONTEXT_DEPENDENT_SHAPE_REPRESENTATION(#14,#3902);
#17=NEXT_ASSEMBLY_USAGE_OCCURRENCE('FRAME:1','FRAME:1','FRAME:1',#3907,
#3908,'FRAME:1');
#18=NEXT_ASSEMBLY_USAGE_OCCURRENCE('MOLD:1','MOLD:1','MOLD:1',#3907,#3909,
'MOLD:1');
#19=SHAPE_REPRESENTATION_RELATIONSHIP('SRR','None',#3904,#21);
#20=SHAPE_REPRESENTATION_RELATIONSHIP('SRR','None',#3905,#22);
#21=ADVANCED_BREP_SHAPE_REPRESENTATION('',(#65,#66,#67,#68,#69,#70,#71,
#72,#73,#74),#3888);
#22=ADVANCED_BREP_SHAPE_REPRESENTATION('',(#75),#3889);
#23=CYLINDRICAL_SURFACE('',#2436,0.125);
#24=CYLINDRICAL_SURFACE('',#2446,0.125);
#25=CYLINDRICAL_SURFACE('',#2452,0.1);
#26=CYLINDRICAL_SURFACE('',#2478,0.1);
#27=CYLINDRICAL_SURFACE('',#2486,0.125);
#28=CYLINDRICAL_SURFACE('',#2496,0.125);
#29=CYLINDRICAL_SURFACE('',#2502,0.1);
#30=CYLINDRICAL_SURFACE('',#2557,0.1);
#31=CYLINDRICAL_SURFACE('',#2560,0.125);
#32=CYLINDRICAL_SURFACE('',#2563,0.125);
#33=CYLINDRICAL_SURFACE('',#2566,0.1);
#34=CYLINDRICAL_SURFACE('',#2576,0.1);
#35=CYLINDRICAL_SURFACE('',#2579,0.125);
#36=CYLINDRICAL_SURFACE('',#2582,0.125);
#37=CIRCLE('',#2435,0.125);
#38=CIRCLE('',#2437,0.125);
#39=CIRCLE('',#2443,0.125);
#40=CIRCLE('',#2447,0.125);
#41=CIRCLE('',#2451,0.1);
#42=CIRCLE('',#2453,0.1);
#43=CIRCLE('',#2474,0.1);
#44=CIRCLE('',#2479,0.1);
#45=CIRCLE('',#2485,0.125);
#46=CIRCLE('',#2487,0.125);
#47=CIRCLE('',#2493,0.125);
#48=CIRCLE('',#2497,0.125);
#49=CIRCLE('',#2501,0.1);
#50=CIRCLE('',#2503,0.1);
#51=CIRCLE('',#2514,0.1);
#52=CIRCLE('',#2515,0.125);
#53=CIRCLE('',#2516,0.125);
#54=CIRCLE('',#2520,0.1);
#55=CIRCLE('',#2521,0.125);
#56=CIRCLE('',#2522,0.125);
#57=CIRCLE('',#2523,0.1);
#58=CIRCLE('',#2530,0.1);
#59=CIRCLE('',#2534,0.1);
#60=CIRCLE('',#2536,0.125);
#61=CIRCLE('',#2538,0.125);
#62=CIRCLE('',#2540,0.1);
#63=CIRCLE('',#2543,0.125);
#64=CIRCLE('',#2545,0.125);
#65=MANIFOLD_SOLID_BREP('Body1',#2389);
#66=MANIFOLD_SOLID_BREP('Body2',#2390);
#67=MANIFOLD_SOLID_BREP('Body3',#2391);
#68=MANIFOLD_SOLID_BREP('Body4',#2392);
#69=MANIFOLD_SOLID_BREP('Body5',#2393);
#70=MANIFOLD_SOLID_BREP('Body6',#2394);
#71=MANIFOLD_SOLID_BREP('Body7',#2395);
#72=MANIFOLD_SOLID_BREP('Body8',#2396);
#73=MANIFOLD_SOLID_BREP('Body9',#2397);
#74=MANIFOLD_SOLID_BREP('Body10',#2398);
#75=MANIFOLD_SOLID_BREP('Body1',#2399);
#76=STYLED_ITEM('',(#3924),#2261);
#77=STYLED_ITEM('',(#3924),#2265);
#78=STYLED_ITEM('',(#3923),#65);
#79=STYLED_ITEM('',(#3924),#2271);
#80=STYLED_ITEM('',(#3923),#66);
#81=STYLED_ITEM('',(#3924),#2275);
#82=STYLED_ITEM('',(#3923),#67);
#83=STYLED_ITEM('',(#3924),#2283);
#84=STYLED_ITEM('',(#3924),#2286);
#85=STYLED_ITEM('',(#3923),#68);
#86=STYLED_ITEM('',(#3924),#2291);
#87=STYLED_ITEM('',(#3924),#2293);
#88=STYLED_ITEM('',(#3923),#69);
#89=STYLED_ITEM('',(#3924),#2297);
#90=STYLED_ITEM('',(#3924),#2299);
#91=STYLED_ITEM('',(#3923),#70);
#92=STYLED_ITEM('',(#3924),#2303);
#93=STYLED_ITEM('',(#3924),#2307);
#94=STYLED_ITEM('',(#3923),#71);
#95=STYLED_ITEM('',(#3924),#2313);
#96=STYLED_ITEM('',(#3923),#72);
#97=STYLED_ITEM('',(#3924),#2317);
#98=STYLED_ITEM('',(#3923),#73);
#99=STYLED_ITEM('',(#3924),#2325);
#100=STYLED_ITEM('',(#3924),#2328);
#101=STYLED_ITEM('',(#3923),#74);
#102=STYLED_ITEM('',(#3925),#75);
#103=FACE_OUTER_BOUND('',#233,.T.);
#104=FACE_OUTER_BOUND('',#234,.T.);
#105=FACE_OUTER_BOUND('',#235,.T.);
#106=FACE_OUTER_BOUND('',#236,.T.);
#107=FACE_OUTER_BOUND('',#237,.T.);
#108=FACE_OUTER_BOUND('',#238,.T.);
#109=FACE_OUTER_BOUND('',#239,.T.);
#110=FACE_OUTER_BOUND('',#240,.T.);
#111=FACE_OUTER_BOUND('',#241,.T.);
#112=FACE_OUTER_BOUND('',#242,.T.);
#113=FACE_OUTER_BOUND('',#243,.T.);
#114=FACE_OUTER_BOUND('',#244,.T.);
#115=FACE_OUTER_BOUND('',#245,.T.);
#116=FACE_OUTER_BOUND('',#246,.T.);
#117=FACE_OUTER_BOUND('',#247,.T.);
#118=FACE_OUTER_BOUND('',#248,.T.);
#119=FACE_OUTER_BOUND('',#249,.T.);
#120=FACE_OUTER_BOUND('',#250,.T.);
#121=FACE_OUTER_BOUND('',#251,.T.);
#122=FACE_OUTER_BOUND('',#252,.T.);
#123=FACE_OUTER_BOUND('',#253,.T.);
#124=FACE_OUTER_BOUND('',#254,.T.);
#125=FACE_OUTER_BOUND('',#255,.T.);
#126=FACE_OUTER_BOUND('',#256,.T.);
#127=FACE_OUTER_BOUND('',#257,.T.);
#128=FACE_OUTER_BOUND('',#258,.T.);
#129=FACE_OUTER_BOUND('',#259,.T.);
#130=FACE_OUTER_BOUND('',#260,.T.);
#131=FACE_OUTER_BOUND('',#261,.T.);
#132=FACE_OUTER_BOUND('',#262,.T.);
#133=FACE_OUTER_BOUND('',#263,.T.);
#134=FACE_OUTER_BOUND('',#264,.T.);
#135=FACE_OUTER_BOUND('',#265,.T.);
#136=FACE_OUTER_BOUND('',#266,.T.);
#137=FACE_OUTER_BOUND('',#267,.T.);
#138=FACE_OUTER_BOUND('',#268,.T.);
#139=FACE_OUTER_BOUND('',#269,.T.);
#140=FACE_OUTER_BOUND('',#270,.T.);
#141=FACE_OUTER_BOUND('',#271,.T.);
#142=FACE_OUTER_BOUND('',#272,.T.);
#143=FACE_OUTER_BOUND('',#273,.T.);
#144=FACE_OUTER_BOUND('',#274,.T.);
#145=FACE_OUTER_BOUND('',#275,.T.);
#146=FACE_OUTER_BOUND('',#276,.T.);
#147=FACE_OUTER_BOUND('',#277,.T.);
#148=FACE_OUTER_BOUND('',#278,.T.);
#149=FACE_OUTER_BOUND('',#279,.T.);
#150=FACE_OUTER_BOUND('',#280,.T.);
#151=FACE_OUTER_BOUND('',#281,.T.);
#152=FACE_OUTER_BOUND('',#282,.T.);
#153=FACE_OUTER_BOUND('',#283,.T.);
#154=FACE_OUTER_BOUND('',#284,.T.);
#155=FACE_OUTER_BOUND('',#285,.T.);
#156=FACE_OUTER_BOUND('',#286,.T.);
#157=FACE_OUTER_BOUND('',#287,.T.);
#158=FACE_OUTER_BOUND('',#288,.T.);
#159=FACE_OUTER_BOUND('',#289,.T.);
#160=FACE_OUTER_BOUND('',#290,.T.);
#161=FACE_OUTER_BOUND('',#291,.T.);
#162=FACE_OUTER_BOUND('',#292,.T.);
#163=FACE_OUTER_BOUND('',#293,.T.);
#164=FACE_OUTER_BOUND('',#294,.T.);
#165=FACE_OUTER_BOUND('',#295,.T.);
#166=FACE_OUTER_BOUND('',#296,.T.);
#167=FACE_OUTER_BOUND('',#297,.T.);
#168=FACE_OUTER_BOUND('',#298,.T.);
#169=FACE_OUTER_BOUND('',#299,.T.);
#170=FACE_OUTER_BOUND('',#300,.T.);
#171=FACE_OUTER_BOUND('',#301,.T.);
#172=FACE_OUTER_BOUND('',#302,.T.);
#173=FACE_OUTER_BOUND('',#303,.T.);
#174=FACE_OUTER_BOUND('',#304,.T.);
#175=FACE_OUTER_BOUND('',#305,.T.);
#176=FACE_OUTER_BOUND('',#306,.T.);
#177=FACE_OUTER_BOUND('',#307,.T.);
#178=FACE_OUTER_BOUND('',#308,.T.);
#179=FACE_OUTER_BOUND('',#309,.T.);
#180=FACE_OUTER_BOUND('',#310,.T.);
#181=FACE_OUTER_BOUND('',#311,.T.);
#182=FACE_OUTER_BOUND('',#312,.T.);
#183=FACE_OUTER_BOUND('',#313,.T.);
#184=FACE_OUTER_BOUND('',#314,.T.);
#185=FACE_OUTER_BOUND('',#315,.T.);
#186=FACE_OUTER_BOUND('',#316,.T.);
#187=FACE_OUTER_BOUND('',#317,.T.);
#188=FACE_OUTER_BOUND('',#318,.T.);
#189=FACE_OUTER_BOUND('',#319,.T.);
#190=FACE_OUTER_BOUND('',#320,.T.);
#191=FACE_OUTER_BOUND('',#321,.T.);
#192=FACE_OUTER_BOUND('',#322,.T.);
#193=FACE_OUTER_BOUND('',#323,.T.);
#194=FACE_OUTER_BOUND('',#324,.T.);
#195=FACE_OUTER_BOUND('',#325,.T.);
#196=FACE_OUTER_BOUND('',#326,.T.);
#197=FACE_OUTER_BOUND('',#327,.T.);
#198=FACE_OUTER_BOUND('',#328,.T.);
#199=FACE_OUTER_BOUND('',#329,.T.);
#200=FACE_OUTER_BOUND('',#330,.T.);
#201=FACE_OUTER_BOUND('',#331,.T.);
#202=FACE_OUTER_BOUND('',#332,.T.);
#203=FACE_OUTER_BOUND('',#333,.T.);
#204=FACE_OUTER_BOUND('',#334,.T.);
#205=FACE_OUTER_BOUND('',#335,.T.);
#206=FACE_OUTER_BOUND('',#336,.T.);
#207=FACE_OUTER_BOUND('',#337,.T.);
#208=FACE_OUTER_BOUND('',#338,.T.);
#209=FACE_OUTER_BOUND('',#339,.T.);
#210=FACE_OUTER_BOUND('',#340,.T.);
#211=FACE_OUTER_BOUND('',#341,.T.);
#212=FACE_OUTER_BOUND('',#342,.T.);
#213=FACE_OUTER_BOUND('',#343,.T.);
#214=FACE_OUTER_BOUND('',#344,.T.);
#215=FACE_OUTER_BOUND('',#345,.T.);
#216=FACE_OUTER_BOUND('',#346,.T.);
#217=FACE_OUTER_BOUND('',#347,.T.);
#218=FACE_OUTER_BOUND('',#348,.T.);
#219=FACE_OUTER_BOUND('',#349,.T.);
#220=FACE_OUTER_BOUND('',#350,.T.);
#221=FACE_OUTER_BOUND('',#351,.T.);
#222=FACE_OUTER_BOUND('',#352,.T.);
#223=FACE_OUTER_BOUND('',#353,.T.);
#224=FACE_OUTER_BOUND('',#354,.T.);
#225=FACE_OUTER_BOUND('',#355,.T.);
#226=FACE_OUTER_BOUND('',#356,.T.);
#227=FACE_OUTER_BOUND('',#357,.T.);
#228=FACE_OUTER_BOUND('',#358,.T.);
#229=FACE_OUTER_BOUND('',#359,.T.);
#230=FACE_OUTER_BOUND('',#360,.T.);
#231=FACE_OUTER_BOUND('',#361,.T.);
#232=FACE_OUTER_BOUND('',#362,.T.);
#233=EDGE_LOOP('',(#1495,#1496,#1497,#1498,#1499,#1500,#1501));
#234=EDGE_LOOP('',(#1502,#1503,#1504,#1505));
#235=EDGE_LOOP('',(#1506,#1507,#1508,#1509));
#236=EDGE_LOOP('',(#1510,#1511,#1512,#1513));
#237=EDGE_LOOP('',(#1514,#1515,#1516,#1517));
#238=EDGE_LOOP('',(#1518,#1519,#1520,#1521));
#239=EDGE_LOOP('',(#1522,#1523,#1524,#1525));
#240=EDGE_LOOP('',(#1526,#1527,#1528,#1529));
#241=EDGE_LOOP('',(#1530,#1531,#1532,#1533,#1534,#1535,#1536));
#242=EDGE_LOOP('',(#1537,#1538,#1539,#1540));
#243=EDGE_LOOP('',(#1541,#1542,#1543,#1544));
#244=EDGE_LOOP('',(#1545,#1546,#1547,#1548));
#245=EDGE_LOOP('',(#1549,#1550,#1551,#1552));
#246=EDGE_LOOP('',(#1553,#1554,#1555,#1556));
#247=EDGE_LOOP('',(#1557,#1558,#1559,#1560));
#248=EDGE_LOOP('',(#1561,#1562,#1563,#1564));
#249=EDGE_LOOP('',(#1565,#1566,#1567,#1568));
#250=EDGE_LOOP('',(#1569,#1570,#1571,#1572));
#251=EDGE_LOOP('',(#1573,#1574,#1575,#1576));
#252=EDGE_LOOP('',(#1577,#1578,#1579,#1580));
#253=EDGE_LOOP('',(#1581,#1582,#1583,#1584));
#254=EDGE_LOOP('',(#1585,#1586,#1587,#1588,#1589,#1590,#1591));
#255=EDGE_LOOP('',(#1592,#1593,#1594,#1595));
#256=EDGE_LOOP('',(#1596,#1597,#1598,#1599));
#257=EDGE_LOOP('',(#1600,#1601,#1602,#1603));
#258=EDGE_LOOP('',(#1604,#1605,#1606,#1607));
#259=EDGE_LOOP('',(#1608,#1609,#1610,#1611));
#260=EDGE_LOOP('',(#1612,#1613,#1614,#1615));
#261=EDGE_LOOP('',(#1616,#1617,#1618,#1619));
#262=EDGE_LOOP('',(#1620,#1621,#1622,#1623,#1624,#1625,#1626));
#263=EDGE_LOOP('',(#1627,#1628,#1629,#1630));
#264=EDGE_LOOP('',(#1631,#1632,#1633,#1634));
#265=EDGE_LOOP('',(#1635,#1636,#1637,#1638));
#266=EDGE_LOOP('',(#1639,#1640,#1641,#1642));
#267=EDGE_LOOP('',(#1643,#1644,#1645,#1646));
#268=EDGE_LOOP('',(#1647,#1648,#1649,#1650));
#269=EDGE_LOOP('',(#1651,#1652,#1653,#1654));
#270=EDGE_LOOP('',(#1655,#1656,#1657,#1658));
#271=EDGE_LOOP('',(#1659,#1660,#1661,#1662));
#272=EDGE_LOOP('',(#1663,#1664,#1665,#1666));
#273=EDGE_LOOP('',(#1667,#1668,#1669,#1670));
#274=EDGE_LOOP('',(#1671,#1672,#1673,#1674));
#275=EDGE_LOOP('',(#1675,#1676,#1677,#1678,#1679,#1680,#1681));
#276=EDGE_LOOP('',(#1682,#1683,#1684,#1685));
#277=EDGE_LOOP('',(#1686,#1687,#1688,#1689));
#278=EDGE_LOOP('',(#1690,#1691,#1692,#1693));
#279=EDGE_LOOP('',(#1694,#1695,#1696,#1697));
#280=EDGE_LOOP('',(#1698,#1699,#1700,#1701));
#281=EDGE_LOOP('',(#1702,#1703,#1704,#1705));
#282=EDGE_LOOP('',(#1706,#1707,#1708,#1709));
#283=EDGE_LOOP('',(#1710,#1711,#1712,#1713,#1714,#1715,#1716));
#284=EDGE_LOOP('',(#1717,#1718,#1719,#1720));
#285=EDGE_LOOP('',(#1721,#1722,#1723,#1724));
#286=EDGE_LOOP('',(#1725,#1726,#1727,#1728));
#287=EDGE_LOOP('',(#1729,#1730,#1731,#1732));
#288=EDGE_LOOP('',(#1733,#1734,#1735,#1736));
#289=EDGE_LOOP('',(#1737,#1738,#1739,#1740));
#290=EDGE_LOOP('',(#1741,#1742,#1743,#1744));
#291=EDGE_LOOP('',(#1745,#1746,#1747,#1748));
#292=EDGE_LOOP('',(#1749,#1750,#1751,#1752));
#293=EDGE_LOOP('',(#1753,#1754,#1755,#1756));
#294=EDGE_LOOP('',(#1757,#1758,#1759,#1760));
#295=EDGE_LOOP('',(#1761,#1762,#1763,#1764));
#296=EDGE_LOOP('',(#1765,#1766,#1767,#1768,#1769,#1770,#1771));
#297=EDGE_LOOP('',(#1772,#1773,#1774,#1775));
#298=EDGE_LOOP('',(#1776,#1777,#1778,#1779));
#299=EDGE_LOOP('',(#1780,#1781,#1782,#1783));
#300=EDGE_LOOP('',(#1784,#1785,#1786,#1787));
#301=EDGE_LOOP('',(#1788,#1789,#1790,#1791));
#302=EDGE_LOOP('',(#1792,#1793,#1794,#1795));
#303=EDGE_LOOP('',(#1796,#1797,#1798,#1799));
#304=EDGE_LOOP('',(#1800,#1801,#1802,#1803,#1804,#1805,#1806));
#305=EDGE_LOOP('',(#1807,#1808,#1809,#1810));
#306=EDGE_LOOP('',(#1811,#1812,#1813,#1814,#1815,#1816,#1817,#1818,#1819,
#1820,#1821,#1822,#1823,#1824,#1825,#1826,#1827,#1828));
#307=EDGE_LOOP('',(#1829,#1830,#1831,#1832));
#308=EDGE_LOOP('',(#1833,#1834,#1835,#1836));
#309=EDGE_LOOP('',(#1837,#1838,#1839,#1840,#1841,#1842,#1843,#1844,#1845,
#1846,#1847,#1848,#1849,#1850,#1851,#1852,#1853,#1854));
#310=EDGE_LOOP('',(#1855,#1856,#1857,#1858));
#311=EDGE_LOOP('',(#1859,#1860,#1861,#1862));
#312=EDGE_LOOP('',(#1863,#1864,#1865,#1866));
#313=EDGE_LOOP('',(#1867,#1868,#1869,#1870));
#314=EDGE_LOOP('',(#1871,#1872,#1873,#1874,#1875,#1876,#1877,#1878,#1879,
#1880,#1881,#1882,#1883,#1884,#1885,#1886,#1887,#1888,#1889,#1890));
#315=EDGE_LOOP('',(#1891,#1892,#1893,#1894,#1895,#1896,#1897));
#316=EDGE_LOOP('',(#1898,#1899,#1900,#1901));
#317=EDGE_LOOP('',(#1902,#1903,#1904,#1905));
#318=EDGE_LOOP('',(#1906,#1907,#1908,#1909,#1910,#1911,#1912));
#319=EDGE_LOOP('',(#1913,#1914,#1915,#1916));
#320=EDGE_LOOP('',(#1917,#1918,#1919,#1920));
#321=EDGE_LOOP('',(#1921,#1922,#1923,#1924,#1925,#1926,#1927));
#322=EDGE_LOOP('',(#1928,#1929,#1930,#1931,#1932,#1933,#1934));
#323=EDGE_LOOP('',(#1935,#1936,#1937,#1938));
#324=EDGE_LOOP('',(#1939,#1940,#1941,#1942));
#325=EDGE_LOOP('',(#1943,#1944,#1945,#1946,#1947,#1948,#1949,#1950,#1951,
#1952,#1953,#1954,#1955,#1956,#1957,#1958,#1959,#1960,#1961,#1962));
#326=EDGE_LOOP('',(#1963,#1964,#1965,#1966));
#327=EDGE_LOOP('',(#1967,#1968,#1969,#1970));
#328=EDGE_LOOP('',(#1971,#1972,#1973,#1974));
#329=EDGE_LOOP('',(#1975,#1976,#1977,#1978,#1979,#1980,#1981,#1982,#1983,
#1984,#1985,#1986,#1987,#1988,#1989,#1990,#1991,#1992,#1993,#1994));
#330=EDGE_LOOP('',(#1995,#1996,#1997,#1998));
#331=EDGE_LOOP('',(#1999,#2000,#2001,#2002));
#332=EDGE_LOOP('',(#2003,#2004,#2005,#2006,#2007,#2008,#2009,#2010,#2011,
#2012,#2013,#2014,#2015,#2016,#2017,#2018,#2019,#2020,#2021,#2022));
#333=EDGE_LOOP('',(#2023,#2024,#2025,#2026));
#334=EDGE_LOOP('',(#2027,#2028,#2029,#2030));
#335=EDGE_LOOP('',(#2031,#2032,#2033,#2034));
#336=EDGE_LOOP('',(#2035,#2036,#2037,#2038));
#337=EDGE_LOOP('',(#2039,#2040,#2041,#2042));
#338=EDGE_LOOP('',(#2043,#2044,#2045,#2046));
#339=EDGE_LOOP('',(#2047,#2048,#2049,#2050));
#340=EDGE_LOOP('',(#2051,#2052,#2053,#2054));
#341=EDGE_LOOP('',(#2055,#2056,#2057,#2058));
#342=EDGE_LOOP('',(#2059,#2060,#2061,#2062));
#343=EDGE_LOOP('',(#2063,#2064,#2065,#2066));
#344=EDGE_LOOP('',(#2067,#2068,#2069,#2070));
#345=EDGE_LOOP('',(#2071,#2072,#2073,#2074));
#346=EDGE_LOOP('',(#2075,#2076,#2077,#2078));
#347=EDGE_LOOP('',(#2079,#2080,#2081,#2082));
#348=EDGE_LOOP('',(#2083,#2084,#2085,#2086));
#349=EDGE_LOOP('',(#2087,#2088,#2089,#2090));
#350=EDGE_LOOP('',(#2091,#2092,#2093,#2094));
#351=EDGE_LOOP('',(#2095,#2096,#2097,#2098));
#352=EDGE_LOOP('',(#2099,#2100,#2101,#2102));
#353=EDGE_LOOP('',(#2103,#2104,#2105,#2106));
#354=EDGE_LOOP('',(#2107,#2108,#2109,#2110));
#355=EDGE_LOOP('',(#2111,#2112,#2113,#2114));
#356=EDGE_LOOP('',(#2115,#2116,#2117,#2118));
#357=EDGE_LOOP('',(#2119,#2120,#2121,#2122));
#358=EDGE_LOOP('',(#2123,#2124,#2125,#2126));
#359=EDGE_LOOP('',(#2127,#2128,#2129,#2130));
#360=EDGE_LOOP('',(#2131,#2132,#2133,#2134));
#361=EDGE_LOOP('',(#2135,#2136,#2137,#2138));
#362=EDGE_LOOP('',(#2139,#2140,#2141,#2142));
#363=LINE('',#3213,#659);
#364=LINE('',#3215,#660);
#365=LINE('',#3217,#661);
#366=LINE('',#3219,#662);
#367=LINE('',#3221,#663);
#368=LINE('',#3223,#664);
#369=LINE('',#3224,#665);
#370=LINE('',#3227,#666);
#371=LINE('',#3229,#667);
#372=LINE('',#3230,#668);
#373=LINE('',#3233,#669);
#374=LINE('',#3234,#670);
#375=LINE('',#3237,#671);
#376=LINE('',#3238,#672);
#377=LINE('',#3241,#673);
#378=LINE('',#3242,#674);
#379=LINE('',#3245,#675);
#380=LINE('',#3246,#676);
#381=LINE('',#3249,#677);
#382=LINE('',#3250,#678);
#383=LINE('',#3252,#679);
#384=LINE('',#3259,#680);
#385=LINE('',#3261,#681);
#386=LINE('',#3262,#682);
#387=LINE('',#3265,#683);
#388=LINE('',#3268,#684);
#389=LINE('',#3271,#685);
#390=LINE('',#3272,#686);
#391=LINE('',#3275,#687);
#392=LINE('',#3276,#688);
#393=LINE('',#3278,#689);
#394=LINE('',#3283,#690);
#395=LINE('',#3285,#691);
#396=LINE('',#3288,#692);
#397=LINE('',#3291,#693);
#398=LINE('',#3293,#694);
#399=LINE('',#3294,#695);
#400=LINE('',#3297,#696);
#401=LINE('',#3298,#697);
#402=LINE('',#3302,#698);
#403=LINE('',#3304,#699);
#404=LINE('',#3311,#700);
#405=LINE('',#3313,#701);
#406=LINE('',#3315,#702);
#407=LINE('',#3317,#703);
#408=LINE('',#3319,#704);
#409=LINE('',#3320,#705);
#410=LINE('',#3323,#706);
#411=LINE('',#3326,#707);
#412=LINE('',#3329,#708);
#413=LINE('',#3330,#709);
#414=LINE('',#3333,#710);
#415=LINE('',#3334,#711);
#416=LINE('',#3337,#712);
#417=LINE('',#3338,#713);
#418=LINE('',#3341,#714);
#419=LINE('',#3342,#715);
#420=LINE('',#3345,#716);
#421=LINE('',#3346,#717);
#422=LINE('',#3348,#718);
#423=LINE('',#3353,#719);
#424=LINE('',#3355,#720);
#425=LINE('',#3357,#721);
#426=LINE('',#3358,#722);
#427=LINE('',#3361,#723);
#428=LINE('',#3363,#724);
#429=LINE('',#3364,#725);
#430=LINE('',#3367,#726);
#431=LINE('',#3368,#727);
#432=LINE('',#3371,#728);
#433=LINE('',#3372,#729);
#434=LINE('',#3374,#730);
#435=LINE('',#3379,#731);
#436=LINE('',#3381,#732);
#437=LINE('',#3383,#733);
#438=LINE('',#3384,#734);
#439=LINE('',#3387,#735);
#440=LINE('',#3389,#736);
#441=LINE('',#3390,#737);
#442=LINE('',#3393,#738);
#443=LINE('',#3394,#739);
#444=LINE('',#3397,#740);
#445=LINE('',#3398,#741);
#446=LINE('',#3400,#742);
#447=LINE('',#3405,#743);
#448=LINE('',#3407,#744);
#449=LINE('',#3409,#745);
#450=LINE('',#3413,#746);
#451=LINE('',#3415,#747);
#452=LINE('',#3416,#748);
#453=LINE('',#3419,#749);
#454=LINE('',#3421,#750);
#455=LINE('',#3422,#751);
#456=LINE('',#3425,#752);
#457=LINE('',#3426,#753);
#458=LINE('',#3429,#754);
#459=LINE('',#3430,#755);
#460=LINE('',#3434,#756);
#461=LINE('',#3437,#757);
#462=LINE('',#3438,#758);
#463=LINE('',#3441,#759);
#464=LINE('',#3442,#760);
#465=LINE('',#3444,#761);
#466=LINE('',#3451,#762);
#467=LINE('',#3453,#763);
#468=LINE('',#3454,#764);
#469=LINE('',#3457,#765);
#470=LINE('',#3460,#766);
#471=LINE('',#3463,#767);
#472=LINE('',#3464,#768);
#473=LINE('',#3467,#769);
#474=LINE('',#3468,#770);
#475=LINE('',#3470,#771);
#476=LINE('',#3475,#772);
#477=LINE('',#3477,#773);
#478=LINE('',#3480,#774);
#479=LINE('',#3483,#775);
#480=LINE('',#3485,#776);
#481=LINE('',#3486,#777);
#482=LINE('',#3489,#778);
#483=LINE('',#3490,#779);
#484=LINE('',#3494,#780);
#485=LINE('',#3496,#781);
#486=LINE('',#3503,#782);
#487=LINE('',#3505,#783);
#488=LINE('',#3507,#784);
#489=LINE('',#3509,#785);
#490=LINE('',#3511,#786);
#491=LINE('',#3512,#787);
#492=LINE('',#3515,#788);
#493=LINE('',#3518,#789);
#494=LINE('',#3521,#790);
#495=LINE('',#3522,#791);
#496=LINE('',#3525,#792);
#497=LINE('',#3526,#793);
#498=LINE('',#3529,#794);
#499=LINE('',#3530,#795);
#500=LINE('',#3533,#796);
#501=LINE('',#3534,#797);
#502=LINE('',#3537,#798);
#503=LINE('',#3538,#799);
#504=LINE('',#3540,#800);
#505=LINE('',#3546,#801);
#506=LINE('',#3548,#802);
#507=LINE('',#3550,#803);
#508=LINE('',#3551,#804);
#509=LINE('',#3555,#805);
#510=LINE('',#3557,#806);
#511=LINE('',#3559,#807);
#512=LINE('',#3561,#808);
#513=LINE('',#3563,#809);
#514=LINE('',#3565,#810);
#515=LINE('',#3567,#811);
#516=LINE('',#3571,#812);
#517=LINE('',#3573,#813);
#518=LINE('',#3575,#814);
#519=LINE('',#3579,#815);
#520=LINE('',#3581,#816);
#521=LINE('',#3583,#817);
#522=LINE('',#3587,#818);
#523=LINE('',#3588,#819);
#524=LINE('',#3592,#820);
#525=LINE('',#3594,#821);
#526=LINE('',#3596,#822);
#527=LINE('',#3597,#823);
#528=LINE('',#3601,#824);
#529=LINE('',#3603,#825);
#530=LINE('',#3605,#826);
#531=LINE('',#3606,#827);
#532=LINE('',#3610,#828);
#533=LINE('',#3612,#829);
#534=LINE('',#3614,#830);
#535=LINE('',#3618,#831);
#536=LINE('',#3620,#832);
#537=LINE('',#3622,#833);
#538=LINE('',#3626,#834);
#539=LINE('',#3628,#835);
#540=LINE('',#3630,#836);
#541=LINE('',#3634,#837);
#542=LINE('',#3636,#838);
#543=LINE('',#3638,#839);
#544=LINE('',#3642,#840);
#545=LINE('',#3643,#841);
#546=LINE('',#3647,#842);
#547=LINE('',#3649,#843);
#548=LINE('',#3651,#844);
#549=LINE('',#3652,#845);
#550=LINE('',#3656,#846);
#551=LINE('',#3658,#847);
#552=LINE('',#3660,#848);
#553=LINE('',#3661,#849);
#554=LINE('',#3664,#850);
#555=LINE('',#3666,#851);
#556=LINE('',#3667,#852);
#557=LINE('',#3670,#853);
#558=LINE('',#3671,#854);
#559=LINE('',#3674,#855);
#560=LINE('',#3675,#856);
#561=LINE('',#3677,#857);
#562=LINE('',#3679,#858);
#563=LINE('',#3680,#859);
#564=LINE('',#3682,#860);
#565=LINE('',#3684,#861);
#566=LINE('',#3685,#862);
#567=LINE('',#3687,#863);
#568=LINE('',#3689,#864);
#569=LINE('',#3690,#865);
#570=LINE('',#3692,#866);
#571=LINE('',#3694,#867);
#572=LINE('',#3695,#868);
#573=LINE('',#3699,#869);
#574=LINE('',#3701,#870);
#575=LINE('',#3702,#871);
#576=LINE('',#3704,#872);
#577=LINE('',#3707,#873);
#578=LINE('',#3711,#874);
#579=LINE('',#3713,#875);
#580=LINE('',#3715,#876);
#581=LINE('',#3716,#877);
#582=LINE('',#3720,#878);
#583=LINE('',#3722,#879);
#584=LINE('',#3724,#880);
#585=LINE('',#3725,#881);
#586=LINE('',#3729,#882);
#587=LINE('',#3731,#883);
#588=LINE('',#3735,#884);
#589=LINE('',#3737,#885);
#590=LINE('',#3739,#886);
#591=LINE('',#3740,#887);
#592=LINE('',#3744,#888);
#593=LINE('',#3746,#889);
#594=LINE('',#3749,#890);
#595=LINE('',#3753,#891);
#596=LINE('',#3755,#892);
#597=LINE('',#3758,#893);
#598=LINE('',#3762,#894);
#599=LINE('',#3764,#895);
#600=LINE('',#3768,#896);
#601=LINE('',#3770,#897);
#602=LINE('',#3772,#898);
#603=LINE('',#3773,#899);
#604=LINE('',#3776,#900);
#605=LINE('',#3778,#901);
#606=LINE('',#3780,#902);
#607=LINE('',#3781,#903);
#608=LINE('',#3784,#904);
#609=LINE('',#3787,#905);
#610=LINE('',#3790,#906);
#611=LINE('',#3793,#907);
#612=LINE('',#3795,#908);
#613=LINE('',#3796,#909);
#614=LINE('',#3797,#910);
#615=LINE('',#3798,#911);
#616=LINE('',#3799,#912);
#617=LINE('',#3800,#913);
#618=LINE('',#3801,#914);
#619=LINE('',#3803,#915);
#620=LINE('',#3804,#916);
#621=LINE('',#3805,#917);
#622=LINE('',#3807,#918);
#623=LINE('',#3811,#919);
#624=LINE('',#3812,#920);
#625=LINE('',#3814,#921);
#626=LINE('',#3815,#922);
#627=LINE('',#3816,#923);
#628=LINE('',#3817,#924);
#629=LINE('',#3818,#925);
#630=LINE('',#3819,#926);
#631=LINE('',#3820,#927);
#632=LINE('',#3821,#928);
#633=LINE('',#3823,#929);
#634=LINE('',#3825,#930);
#635=LINE('',#3827,#931);
#636=LINE('',#3828,#932);
#637=LINE('',#3829,#933);
#638=LINE('',#3830,#934);
#639=LINE('',#3831,#935);
#640=LINE('',#3832,#936);
#641=LINE('',#3833,#937);
#642=LINE('',#3835,#938);
#643=LINE('',#3838,#939);
#644=LINE('',#3840,#940);
#645=LINE('',#3843,#941);
#646=LINE('',#3845,#942);
#647=LINE('',#3848,#943);
#648=LINE('',#3850,#944);
#649=LINE('',#3853,#945);
#650=LINE('',#3855,#946);
#651=LINE('',#3858,#947);
#652=LINE('',#3860,#948);
#653=LINE('',#3867,#949);
#654=LINE('',#3869,#950);
#655=LINE('',#3872,#951);
#656=LINE('',#3874,#952);
#657=LINE('',#3877,#953);
#658=LINE('',#3879,#954);
#659=VECTOR('',#2592,0.15);
#660=VECTOR('',#2593,0.25);
#661=VECTOR('',#2594,0.3);
#662=VECTOR('',#2595,0.212132034355986);
#663=VECTOR('',#2596,0.25);
#664=VECTOR('',#2597,0.3);
#665=VECTOR('',#2598,0.15);
#666=VECTOR('',#2601,0.1);
#667=VECTOR('',#2602,0.15);
#668=VECTOR('',#2603,0.1);
#669=VECTOR('',#2606,0.25);
#670=VECTOR('',#2607,0.1);
#671=VECTOR('',#2610,0.3);
#672=VECTOR('',#2611,0.1);
#673=VECTOR('',#2614,0.212132034355986);
#674=VECTOR('',#2615,0.1);
#675=VECTOR('',#2618,0.25);
#676=VECTOR('',#2619,0.1);
#677=VECTOR('',#2622,0.3);
#678=VECTOR('',#2623,0.1);
#679=VECTOR('',#2626,0.15);
#680=VECTOR('',#2633,0.275);
#681=VECTOR('',#2634,0.25);
#682=VECTOR('',#2635,0.275);
#683=VECTOR('',#2638,0.1);
#684=VECTOR('',#2641,0.1);
#685=VECTOR('',#2644,0.275);
#686=VECTOR('',#2645,0.1);
#687=VECTOR('',#2648,0.25);
#688=VECTOR('',#2649,0.1);
#689=VECTOR('',#2652,0.275);
#690=VECTOR('',#2657,0.25);
#691=VECTOR('',#2658,0.275);
#692=VECTOR('',#2661,0.275);
#693=VECTOR('',#2664,0.1);
#694=VECTOR('',#2665,0.25);
#695=VECTOR('',#2666,0.1);
#696=VECTOR('',#2669,0.275);
#697=VECTOR('',#2670,0.1);
#698=VECTOR('',#2675,0.1);
#699=VECTOR('',#2678,0.275);
#700=VECTOR('',#2685,0.35);
#701=VECTOR('',#2686,0.25);
#702=VECTOR('',#2687,0.15);
#703=VECTOR('',#2688,0.15);
#704=VECTOR('',#2689,0.3);
#705=VECTOR('',#2690,0.3);
#706=VECTOR('',#2693,0.1);
#707=VECTOR('',#2696,0.1);
#708=VECTOR('',#2699,0.35);
#709=VECTOR('',#2700,0.1);
#710=VECTOR('',#2703,0.25);
#711=VECTOR('',#2704,0.1);
#712=VECTOR('',#2707,0.15);
#713=VECTOR('',#2708,0.1);
#714=VECTOR('',#2711,0.15);
#715=VECTOR('',#2712,0.1);
#716=VECTOR('',#2715,0.3);
#717=VECTOR('',#2716,0.1);
#718=VECTOR('',#2719,0.3);
#719=VECTOR('',#2724,2.);
#720=VECTOR('',#2725,0.3);
#721=VECTOR('',#2726,2.);
#722=VECTOR('',#2727,0.3);
#723=VECTOR('',#2730,0.1);
#724=VECTOR('',#2731,2.);
#725=VECTOR('',#2732,0.1);
#726=VECTOR('',#2735,0.3);
#727=VECTOR('',#2736,0.1);
#728=VECTOR('',#2739,2.);
#729=VECTOR('',#2740,0.1);
#730=VECTOR('',#2743,0.3);
#731=VECTOR('',#2748,2.);
#732=VECTOR('',#2749,0.3);
#733=VECTOR('',#2750,2.);
#734=VECTOR('',#2751,0.3);
#735=VECTOR('',#2754,0.1);
#736=VECTOR('',#2755,2.);
#737=VECTOR('',#2756,0.1);
#738=VECTOR('',#2759,0.3);
#739=VECTOR('',#2760,0.1);
#740=VECTOR('',#2763,2.);
#741=VECTOR('',#2764,0.1);
#742=VECTOR('',#2767,0.3);
#743=VECTOR('',#2772,0.15);
#744=VECTOR('',#2773,0.25);
#745=VECTOR('',#2774,0.35);
#746=VECTOR('',#2777,0.3);
#747=VECTOR('',#2778,0.3);
#748=VECTOR('',#2779,0.15);
#749=VECTOR('',#2782,0.1);
#750=VECTOR('',#2783,0.15);
#751=VECTOR('',#2784,0.1);
#752=VECTOR('',#2787,0.25);
#753=VECTOR('',#2788,0.1);
#754=VECTOR('',#2791,0.35);
#755=VECTOR('',#2792,0.1);
#756=VECTOR('',#2797,0.1);
#757=VECTOR('',#2800,0.3);
#758=VECTOR('',#2801,0.1);
#759=VECTOR('',#2804,0.3);
#760=VECTOR('',#2805,0.1);
#761=VECTOR('',#2808,0.15);
#762=VECTOR('',#2815,0.275);
#763=VECTOR('',#2816,0.25);
#764=VECTOR('',#2817,0.275);
#765=VECTOR('',#2820,0.1);
#766=VECTOR('',#2823,0.1);
#767=VECTOR('',#2826,0.275);
#768=VECTOR('',#2827,0.1);
#769=VECTOR('',#2830,0.25);
#770=VECTOR('',#2831,0.1);
#771=VECTOR('',#2834,0.275);
#772=VECTOR('',#2839,0.25);
#773=VECTOR('',#2840,0.275);
#774=VECTOR('',#2843,0.275);
#775=VECTOR('',#2846,0.1);
#776=VECTOR('',#2847,0.25);
#777=VECTOR('',#2848,0.1);
#778=VECTOR('',#2851,0.275);
#779=VECTOR('',#2852,0.1);
#780=VECTOR('',#2857,0.1);
#781=VECTOR('',#2860,0.275);
#782=VECTOR('',#2867,0.35);
#783=VECTOR('',#2868,0.25);
#784=VECTOR('',#2869,0.15);
#785=VECTOR('',#2870,0.15);
#786=VECTOR('',#2871,0.3);
#787=VECTOR('',#2872,0.3);
#788=VECTOR('',#2875,0.1);
#789=VECTOR('',#2878,0.1);
#790=VECTOR('',#2881,0.35);
#791=VECTOR('',#2882,0.1);
#792=VECTOR('',#2885,0.25);
#793=VECTOR('',#2886,0.1);
#794=VECTOR('',#2889,0.15);
#795=VECTOR('',#2890,0.1);
#796=VECTOR('',#2893,0.15);
#797=VECTOR('',#2894,0.1);
#798=VECTOR('',#2897,0.3);
#799=VECTOR('',#2898,0.1);
#800=VECTOR('',#2901,0.3);
#801=VECTOR('',#2908,0.15);
#802=VECTOR('',#2909,0.15);
#803=VECTOR('',#2910,0.15);
#804=VECTOR('',#2911,0.15);
#805=VECTOR('',#2914,0.25);
#806=VECTOR('',#2915,0.212132034355986);
#807=VECTOR('',#2916,0.3);
#808=VECTOR('',#2917,0.2);
#809=VECTOR('',#2918,2.);
#810=VECTOR('',#2919,0.2);
#811=VECTOR('',#2920,0.35);
#812=VECTOR('',#2923,0.3);
#813=VECTOR('',#2924,0.2);
#814=VECTOR('',#2925,0.275);
#815=VECTOR('',#2928,0.275);
#816=VECTOR('',#2929,0.2);
#817=VECTOR('',#2930,0.275);
#818=VECTOR('',#2933,0.275);
#819=VECTOR('',#2934,0.2);
#820=VECTOR('',#2937,0.15);
#821=VECTOR('',#2938,0.15);
#822=VECTOR('',#2939,0.15);
#823=VECTOR('',#2940,0.15);
#824=VECTOR('',#2943,2.);
#825=VECTOR('',#2944,0.2);
#826=VECTOR('',#2945,2.);
#827=VECTOR('',#2946,0.2);
#828=VECTOR('',#2949,2.);
#829=VECTOR('',#2950,0.2);
#830=VECTOR('',#2951,0.35);
#831=VECTOR('',#2954,0.3);
#832=VECTOR('',#2955,0.2);
#833=VECTOR('',#2956,0.275);
#834=VECTOR('',#2959,0.275);
#835=VECTOR('',#2960,0.2);
#836=VECTOR('',#2961,0.275);
#837=VECTOR('',#2964,0.275);
#838=VECTOR('',#2965,0.2);
#839=VECTOR('',#2966,0.3);
#840=VECTOR('',#2969,0.35);
#841=VECTOR('',#2970,0.2);
#842=VECTOR('',#2973,0.15);
#843=VECTOR('',#2974,0.15);
#844=VECTOR('',#2975,0.15);
#845=VECTOR('',#2976,0.15);
#846=VECTOR('',#2979,0.15);
#847=VECTOR('',#2980,0.15);
#848=VECTOR('',#2981,0.15);
#849=VECTOR('',#2982,0.15);
#850=VECTOR('',#2985,0.075);
#851=VECTOR('',#2986,0.15);
#852=VECTOR('',#2987,0.075);
#853=VECTOR('',#2990,0.15);
#854=VECTOR('',#2991,0.075);
#855=VECTOR('',#2994,0.3);
#856=VECTOR('',#2995,0.075);
#857=VECTOR('',#2996,0.075);
#858=VECTOR('',#2997,0.25);
#859=VECTOR('',#2998,0.075);
#860=VECTOR('',#2999,0.075);
#861=VECTOR('',#3000,0.25);
#862=VECTOR('',#3001,0.075);
#863=VECTOR('',#3002,0.075);
#864=VECTOR('',#3003,0.3);
#865=VECTOR('',#3004,0.075);
#866=VECTOR('',#3005,0.975);
#867=VECTOR('',#3006,2.);
#868=VECTOR('',#3007,0.975);
#869=VECTOR('',#3010,0.25);
#870=VECTOR('',#3011,0.15);
#871=VECTOR('',#3012,0.15);
#872=VECTOR('',#3013,0.3);
#873=VECTOR('',#3016,0.35);
#874=VECTOR('',#3019,0.3);
#875=VECTOR('',#3020,2.);
#876=VECTOR('',#3021,0.3);
#877=VECTOR('',#3022,2.);
#878=VECTOR('',#3025,0.3);
#879=VECTOR('',#3026,2.);
#880=VECTOR('',#3027,0.3);
#881=VECTOR('',#3028,2.);
#882=VECTOR('',#3031,0.25);
#883=VECTOR('',#3032,0.35);
#884=VECTOR('',#3035,0.3);
#885=VECTOR('',#3036,0.3);
#886=VECTOR('',#3037,0.15);
#887=VECTOR('',#3038,0.15);
#888=VECTOR('',#3041,0.25);
#889=VECTOR('',#3042,0.275);
#890=VECTOR('',#3045,0.275);
#891=VECTOR('',#3048,0.25);
#892=VECTOR('',#3049,0.275);
#893=VECTOR('',#3052,0.275);
#894=VECTOR('',#3055,0.3);
#895=VECTOR('',#3056,0.3);
#896=VECTOR('',#3059,0.35);
#897=VECTOR('',#3060,0.25);
#898=VECTOR('',#3061,0.15);
#899=VECTOR('',#3062,0.15);
#900=VECTOR('',#3065,0.25);
#901=VECTOR('',#3066,0.3);
#902=VECTOR('',#3067,0.212132034355986);
#903=VECTOR('',#3068,0.25);
#904=VECTOR('',#3071,0.275);
#905=VECTOR('',#3074,0.275);
#906=VECTOR('',#3077,0.275);
#907=VECTOR('',#3080,0.275);
#908=VECTOR('',#3083,0.075);
#909=VECTOR('',#3084,0.075);
#910=VECTOR('',#3085,0.075);
#911=VECTOR('',#3086,0.075);
#912=VECTOR('',#3087,0.075);
#913=VECTOR('',#3088,0.075);
#914=VECTOR('',#3089,0.075);
#915=VECTOR('',#3090,0.975);
#916=VECTOR('',#3091,2.);
#917=VECTOR('',#3092,0.075);
#918=VECTOR('',#3095,0.075);
#919=VECTOR('',#3100,2.);
#920=VECTOR('',#3101,2.);
#921=VECTOR('',#3104,0.075);
#922=VECTOR('',#3105,0.075);
#923=VECTOR('',#3106,0.075);
#924=VECTOR('',#3107,0.075);
#925=VECTOR('',#3108,0.075);
#926=VECTOR('',#3109,0.075);
#927=VECTOR('',#3110,0.975);
#928=VECTOR('',#3111,0.075);
#929=VECTOR('',#3114,0.075);
#930=VECTOR('',#3117,0.075);
#931=VECTOR('',#3120,0.075);
#932=VECTOR('',#3121,0.075);
#933=VECTOR('',#3122,0.075);
#934=VECTOR('',#3123,0.075);
#935=VECTOR('',#3124,0.075);
#936=VECTOR('',#3125,0.075);
#937=VECTOR('',#3126,0.075);
#938=VECTOR('',#3129,0.075);
#939=VECTOR('',#3134,0.075);
#940=VECTOR('',#3137,0.075);
#941=VECTOR('',#3142,0.075);
#942=VECTOR('',#3145,0.075);
#943=VECTOR('',#3150,0.075);
#944=VECTOR('',#3153,0.075);
#945=VECTOR('',#3158,0.075);
#946=VECTOR('',#3161,0.075);
#947=VECTOR('',#3166,0.075);
#948=VECTOR('',#3169,0.075);
#949=VECTOR('',#3182,0.075);
#950=VECTOR('',#3185,0.075);
#951=VECTOR('',#3190,0.075);
#952=VECTOR('',#3193,0.075);
#953=VECTOR('',#3198,0.075);
#954=VECTOR('',#3201,0.075);
#955=VERTEX_POINT('',#3211);
#956=VERTEX_POINT('',#3212);
#957=VERTEX_POINT('',#3214);
#958=VERTEX_POINT('',#3216);
#959=VERTEX_POINT('',#3218);
#960=VERTEX_POINT('',#3220);
#961=VERTEX_POINT('',#3222);
#962=VERTEX_POINT('',#3226);
#963=VERTEX_POINT('',#3228);
#964=VERTEX_POINT('',#3232);
#965=VERTEX_POINT('',#3236);
#966=VERTEX_POINT('',#3240);
#967=VERTEX_POINT('',#3244);
#968=VERTEX_POINT('',#3248);
#969=VERTEX_POINT('',#3255);
#970=VERTEX_POINT('',#3256);
#971=VERTEX_POINT('',#3258);
#972=VERTEX_POINT('',#3260);
#973=VERTEX_POINT('',#3264);
#974=VERTEX_POINT('',#3266);
#975=VERTEX_POINT('',#3270);
#976=VERTEX_POINT('',#3274);
#977=VERTEX_POINT('',#3281);
#978=VERTEX_POINT('',#3282);
#979=VERTEX_POINT('',#3284);
#980=VERTEX_POINT('',#3286);
#981=VERTEX_POINT('',#3290);
#982=VERTEX_POINT('',#3292);
#983=VERTEX_POINT('',#3296);
#984=VERTEX_POINT('',#3300);
#985=VERTEX_POINT('',#3307);
#986=VERTEX_POINT('',#3308);
#987=VERTEX_POINT('',#3310);
#988=VERTEX_POINT('',#3312);
#989=VERTEX_POINT('',#3314);
#990=VERTEX_POINT('',#3316);
#991=VERTEX_POINT('',#3318);
#992=VERTEX_POINT('',#3322);
#993=VERTEX_POINT('',#3324);
#994=VERTEX_POINT('',#3328);
#995=VERTEX_POINT('',#3332);
#996=VERTEX_POINT('',#3336);
#997=VERTEX_POINT('',#3340);
#998=VERTEX_POINT('',#3344);
#999=VERTEX_POINT('',#3351);
#1000=VERTEX_POINT('',#3352);
#1001=VERTEX_POINT('',#3354);
#1002=VERTEX_POINT('',#3356);
#1003=VERTEX_POINT('',#3360);
#1004=VERTEX_POINT('',#3362);
#1005=VERTEX_POINT('',#3366);
#1006=VERTEX_POINT('',#3370);
#1007=VERTEX_POINT('',#3377);
#1008=VERTEX_POINT('',#3378);
#1009=VERTEX_POINT('',#3380);
#1010=VERTEX_POINT('',#3382);
#1011=VERTEX_POINT('',#3386);
#1012=VERTEX_POINT('',#3388);
#1013=VERTEX_POINT('',#3392);
#1014=VERTEX_POINT('',#3396);
#1015=VERTEX_POINT('',#3403);
#1016=VERTEX_POINT('',#3404);
#1017=VERTEX_POINT('',#3406);
#1018=VERTEX_POINT('',#3408);
#1019=VERTEX_POINT('',#3410);
#1020=VERTEX_POINT('',#3412);
#1021=VERTEX_POINT('',#3414);
#1022=VERTEX_POINT('',#3418);
#1023=VERTEX_POINT('',#3420);
#1024=VERTEX_POINT('',#3424);
#1025=VERTEX_POINT('',#3428);
#1026=VERTEX_POINT('',#3432);
#1027=VERTEX_POINT('',#3436);
#1028=VERTEX_POINT('',#3440);
#1029=VERTEX_POINT('',#3447);
#1030=VERTEX_POINT('',#3448);
#1031=VERTEX_POINT('',#3450);
#1032=VERTEX_POINT('',#3452);
#1033=VERTEX_POINT('',#3456);
#1034=VERTEX_POINT('',#3458);
#1035=VERTEX_POINT('',#3462);
#1036=VERTEX_POINT('',#3466);
#1037=VERTEX_POINT('',#3473);
#1038=VERTEX_POINT('',#3474);
#1039=VERTEX_POINT('',#3476);
#1040=VERTEX_POINT('',#3478);
#1041=VERTEX_POINT('',#3482);
#1042=VERTEX_POINT('',#3484);
#1043=VERTEX_POINT('',#3488);
#1044=VERTEX_POINT('',#3492);
#1045=VERTEX_POINT('',#3499);
#1046=VERTEX_POINT('',#3500);
#1047=VERTEX_POINT('',#3502);
#1048=VERTEX_POINT('',#3504);
#1049=VERTEX_POINT('',#3506);
#1050=VERTEX_POINT('',#3508);
#1051=VERTEX_POINT('',#3510);
#1052=VERTEX_POINT('',#3514);
#1053=VERTEX_POINT('',#3516);
#1054=VERTEX_POINT('',#3520);
#1055=VERTEX_POINT('',#3524);
#1056=VERTEX_POINT('',#3528);
#1057=VERTEX_POINT('',#3532);
#1058=VERTEX_POINT('',#3536);
#1059=VERTEX_POINT('',#3544);
#1060=VERTEX_POINT('',#3545);
#1061=VERTEX_POINT('',#3547);
#1062=VERTEX_POINT('',#3549);
#1063=VERTEX_POINT('',#3553);
#1064=VERTEX_POINT('',#3554);
#1065=VERTEX_POINT('',#3556);
#1066=VERTEX_POINT('',#3558);
#1067=VERTEX_POINT('',#3560);
#1068=VERTEX_POINT('',#3562);
#1069=VERTEX_POINT('',#3564);
#1070=VERTEX_POINT('',#3566);
#1071=VERTEX_POINT('',#3568);
#1072=VERTEX_POINT('',#3570);
#1073=VERTEX_POINT('',#3572);
#1074=VERTEX_POINT('',#3574);
#1075=VERTEX_POINT('',#3576);
#1076=VERTEX_POINT('',#3578);
#1077=VERTEX_POINT('',#3580);
#1078=VERTEX_POINT('',#3582);
#1079=VERTEX_POINT('',#3584);
#1080=VERTEX_POINT('',#3586);
#1081=VERTEX_POINT('',#3590);
#1082=VERTEX_POINT('',#3591);
#1083=VERTEX_POINT('',#3593);
#1084=VERTEX_POINT('',#3595);
#1085=VERTEX_POINT('',#3599);
#1086=VERTEX_POINT('',#3600);
#1087=VERTEX_POINT('',#3602);
#1088=VERTEX_POINT('',#3604);
#1089=VERTEX_POINT('',#3608);
#1090=VERTEX_POINT('',#3609);
#1091=VERTEX_POINT('',#3611);
#1092=VERTEX_POINT('',#3613);
#1093=VERTEX_POINT('',#3615);
#1094=VERTEX_POINT('',#3617);
#1095=VERTEX_POINT('',#3619);
#1096=VERTEX_POINT('',#3621);
#1097=VERTEX_POINT('',#3623);
#1098=VERTEX_POINT('',#3625);
#1099=VERTEX_POINT('',#3627);
#1100=VERTEX_POINT('',#3629);
#1101=VERTEX_POINT('',#3631);
#1102=VERTEX_POINT('',#3633);
#1103=VERTEX_POINT('',#3635);
#1104=VERTEX_POINT('',#3637);
#1105=VERTEX_POINT('',#3639);
#1106=VERTEX_POINT('',#3641);
#1107=VERTEX_POINT('',#3645);
#1108=VERTEX_POINT('',#3646);
#1109=VERTEX_POINT('',#3648);
#1110=VERTEX_POINT('',#3650);
#1111=VERTEX_POINT('',#3654);
#1112=VERTEX_POINT('',#3655);
#1113=VERTEX_POINT('',#3657);
#1114=VERTEX_POINT('',#3659);
#1115=VERTEX_POINT('',#3663);
#1116=VERTEX_POINT('',#3665);
#1117=VERTEX_POINT('',#3669);
#1118=VERTEX_POINT('',#3673);
#1119=VERTEX_POINT('',#3676);
#1120=VERTEX_POINT('',#3678);
#1121=VERTEX_POINT('',#3681);
#1122=VERTEX_POINT('',#3683);
#1123=VERTEX_POINT('',#3686);
#1124=VERTEX_POINT('',#3688);
#1125=VERTEX_POINT('',#3691);
#1126=VERTEX_POINT('',#3693);
#1127=VERTEX_POINT('',#3697);
#1128=VERTEX_POINT('',#3698);
#1129=VERTEX_POINT('',#3700);
#1130=VERTEX_POINT('',#3703);
#1131=VERTEX_POINT('',#3705);
#1132=VERTEX_POINT('',#3709);
#1133=VERTEX_POINT('',#3710);
#1134=VERTEX_POINT('',#3712);
#1135=VERTEX_POINT('',#3714);
#1136=VERTEX_POINT('',#3718);
#1137=VERTEX_POINT('',#3719);
#1138=VERTEX_POINT('',#3721);
#1139=VERTEX_POINT('',#3723);
#1140=VERTEX_POINT('',#3727);
#1141=VERTEX_POINT('',#3728);
#1142=VERTEX_POINT('',#3730);
#1143=VERTEX_POINT('',#3732);
#1144=VERTEX_POINT('',#3734);
#1145=VERTEX_POINT('',#3736);
#1146=VERTEX_POINT('',#3738);
#1147=VERTEX_POINT('',#3742);
#1148=VERTEX_POINT('',#3743);
#1149=VERTEX_POINT('',#3745);
#1150=VERTEX_POINT('',#3747);
#1151=VERTEX_POINT('',#3751);
#1152=VERTEX_POINT('',#3752);
#1153=VERTEX_POINT('',#3754);
#1154=VERTEX_POINT('',#3756);
#1155=VERTEX_POINT('',#3760);
#1156=VERTEX_POINT('',#3761);
#1157=VERTEX_POINT('',#3763);
#1158=VERTEX_POINT('',#3765);
#1159=VERTEX_POINT('',#3767);
#1160=VERTEX_POINT('',#3769);
#1161=VERTEX_POINT('',#3771);
#1162=VERTEX_POINT('',#3775);
#1163=VERTEX_POINT('',#3777);
#1164=VERTEX_POINT('',#3779);
#1165=VERTEX_POINT('',#3783);
#1166=VERTEX_POINT('',#3785);
#1167=VERTEX_POINT('',#3789);
#1168=VERTEX_POINT('',#3791);
#1169=VERTEX_POINT('',#3802);
#1170=VERTEX_POINT('',#3810);
#1171=EDGE_CURVE('',#955,#956,#363,.T.);
#1172=EDGE_CURVE('',#957,#955,#364,.T.);
#1173=EDGE_CURVE('',#958,#957,#365,.T.);
#1174=EDGE_CURVE('',#959,#958,#366,.T.);
#1175=EDGE_CURVE('',#960,#959,#367,.T.);
#1176=EDGE_CURVE('',#961,#960,#368,.T.);
#1177=EDGE_CURVE('',#956,#961,#369,.T.);
#1178=EDGE_CURVE('',#956,#962,#370,.T.);
#1179=EDGE_CURVE('',#963,#962,#371,.T.);
#1180=EDGE_CURVE('',#955,#963,#372,.T.);
#1181=EDGE_CURVE('',#964,#963,#373,.T.);
#1182=EDGE_CURVE('',#957,#964,#374,.T.);
#1183=EDGE_CURVE('',#965,#964,#375,.T.);
#1184=EDGE_CURVE('',#958,#965,#376,.T.);
#1185=EDGE_CURVE('',#966,#965,#377,.T.);
#1186=EDGE_CURVE('',#959,#966,#378,.T.);
#1187=EDGE_CURVE('',#967,#966,#379,.T.);
#1188=EDGE_CURVE('',#960,#967,#380,.T.);
#1189=EDGE_CURVE('',#968,#967,#381,.T.);
#1190=EDGE_CURVE('',#961,#968,#382,.T.);
#1191=EDGE_CURVE('',#962,#968,#383,.T.);
#1192=EDGE_CURVE('',#969,#970,#37,.T.);
#1193=EDGE_CURVE('',#971,#969,#384,.T.);
#1194=EDGE_CURVE('',#972,#971,#385,.T.);
#1195=EDGE_CURVE('',#970,#972,#386,.T.);
#1196=EDGE_CURVE('',#970,#973,#387,.T.);
#1197=EDGE_CURVE('',#974,#973,#38,.T.);
#1198=EDGE_CURVE('',#969,#974,#388,.T.);
#1199=EDGE_CURVE('',#975,#974,#389,.T.);
#1200=EDGE_CURVE('',#971,#975,#390,.T.);
#1201=EDGE_CURVE('',#976,#975,#391,.T.);
#1202=EDGE_CURVE('',#972,#976,#392,.T.);
#1203=EDGE_CURVE('',#973,#976,#393,.T.);
#1204=EDGE_CURVE('',#977,#978,#394,.T.);
#1205=EDGE_CURVE('',#979,#977,#395,.T.);
#1206=EDGE_CURVE('',#980,#979,#39,.T.);
#1207=EDGE_CURVE('',#978,#980,#396,.T.);
#1208=EDGE_CURVE('',#978,#981,#397,.T.);
#1209=EDGE_CURVE('',#982,#981,#398,.T.);
#1210=EDGE_CURVE('',#977,#982,#399,.T.);
#1211=EDGE_CURVE('',#983,#982,#400,.T.);
#1212=EDGE_CURVE('',#979,#983,#401,.T.);
#1213=EDGE_CURVE('',#984,#983,#40,.T.);
#1214=EDGE_CURVE('',#980,#984,#402,.T.);
#1215=EDGE_CURVE('',#981,#984,#403,.T.);
#1216=EDGE_CURVE('',#985,#986,#41,.T.);
#1217=EDGE_CURVE('',#987,#985,#404,.T.);
#1218=EDGE_CURVE('',#988,#987,#405,.T.);
#1219=EDGE_CURVE('',#989,#988,#406,.T.);
#1220=EDGE_CURVE('',#990,#989,#407,.T.);
#1221=EDGE_CURVE('',#991,#990,#408,.T.);
#1222=EDGE_CURVE('',#986,#991,#409,.T.);
#1223=EDGE_CURVE('',#986,#992,#410,.T.);
#1224=EDGE_CURVE('',#993,#992,#42,.T.);
#1225=EDGE_CURVE('',#985,#993,#411,.T.);
#1226=EDGE_CURVE('',#994,#993,#412,.T.);
#1227=EDGE_CURVE('',#987,#994,#413,.T.);
#1228=EDGE_CURVE('',#995,#994,#414,.T.);
#1229=EDGE_CURVE('',#988,#995,#415,.T.);
#1230=EDGE_CURVE('',#996,#995,#416,.T.);
#1231=EDGE_CURVE('',#989,#996,#417,.T.);
#1232=EDGE_CURVE('',#997,#996,#418,.T.);
#1233=EDGE_CURVE('',#990,#997,#419,.T.);
#1234=EDGE_CURVE('',#998,#997,#420,.T.);
#1235=EDGE_CURVE('',#991,#998,#421,.T.);
#1236=EDGE_CURVE('',#992,#998,#422,.T.);
#1237=EDGE_CURVE('',#999,#1000,#423,.T.);
#1238=EDGE_CURVE('',#1001,#999,#424,.T.);
#1239=EDGE_CURVE('',#1002,#1001,#425,.T.);
#1240=EDGE_CURVE('',#1000,#1002,#426,.T.);
#1241=EDGE_CURVE('',#1000,#1003,#427,.T.);
#1242=EDGE_CURVE('',#1004,#1003,#428,.T.);
#1243=EDGE_CURVE('',#999,#1004,#429,.T.);
#1244=EDGE_CURVE('',#1005,#1004,#430,.T.);
#1245=EDGE_CURVE('',#1001,#1005,#431,.T.);
#1246=EDGE_CURVE('',#1006,#1005,#432,.T.);
#1247=EDGE_CURVE('',#1002,#1006,#433,.T.);
#1248=EDGE_CURVE('',#1003,#1006,#434,.T.);
#1249=EDGE_CURVE('',#1007,#1008,#435,.T.);
#1250=EDGE_CURVE('',#1009,#1007,#436,.T.);
#1251=EDGE_CURVE('',#1010,#1009,#437,.T.);
#1252=EDGE_CURVE('',#1008,#1010,#438,.T.);
#1253=EDGE_CURVE('',#1008,#1011,#439,.T.);
#1254=EDGE_CURVE('',#1012,#1011,#440,.T.);
#1255=EDGE_CURVE('',#1007,#1012,#441,.T.);
#1256=EDGE_CURVE('',#1013,#1012,#442,.T.);
#1257=EDGE_CURVE('',#1009,#1013,#443,.T.);
#1258=EDGE_CURVE('',#1014,#1013,#444,.T.);
#1259=EDGE_CURVE('',#1010,#1014,#445,.T.);
#1260=EDGE_CURVE('',#1011,#1014,#446,.T.);
#1261=EDGE_CURVE('',#1015,#1016,#447,.T.);
#1262=EDGE_CURVE('',#1017,#1015,#448,.T.);
#1263=EDGE_CURVE('',#1018,#1017,#449,.T.);
#1264=EDGE_CURVE('',#1019,#1018,#43,.T.);
#1265=EDGE_CURVE('',#1020,#1019,#450,.T.);
#1266=EDGE_CURVE('',#1021,#1020,#451,.T.);
#1267=EDGE_CURVE('',#1016,#1021,#452,.T.);
#1268=EDGE_CURVE('',#1016,#1022,#453,.T.);
#1269=EDGE_CURVE('',#1023,#1022,#454,.T.);
#1270=EDGE_CURVE('',#1015,#1023,#455,.T.);
#1271=EDGE_CURVE('',#1024,#1023,#456,.T.);
#1272=EDGE_CURVE('',#1017,#1024,#457,.T.);
#1273=EDGE_CURVE('',#1025,#1024,#458,.T.);
#1274=EDGE_CURVE('',#1018,#1025,#459,.T.);
#1275=EDGE_CURVE('',#1026,#1025,#44,.T.);
#1276=EDGE_CURVE('',#1019,#1026,#460,.T.);
#1277=EDGE_CURVE('',#1027,#1026,#461,.T.);
#1278=EDGE_CURVE('',#1020,#1027,#462,.T.);
#1279=EDGE_CURVE('',#1028,#1027,#463,.T.);
#1280=EDGE_CURVE('',#1021,#1028,#464,.T.);
#1281=EDGE_CURVE('',#1022,#1028,#465,.T.);
#1282=EDGE_CURVE('',#1029,#1030,#45,.T.);
#1283=EDGE_CURVE('',#1031,#1029,#466,.T.);
#1284=EDGE_CURVE('',#1032,#1031,#467,.T.);
#1285=EDGE_CURVE('',#1030,#1032,#468,.T.);
#1286=EDGE_CURVE('',#1030,#1033,#469,.T.);
#1287=EDGE_CURVE('',#1034,#1033,#46,.T.);
#1288=EDGE_CURVE('',#1029,#1034,#470,.T.);
#1289=EDGE_CURVE('',#1035,#1034,#471,.T.);
#1290=EDGE_CURVE('',#1031,#1035,#472,.T.);
#1291=EDGE_CURVE('',#1036,#1035,#473,.T.);
#1292=EDGE_CURVE('',#1032,#1036,#474,.T.);
#1293=EDGE_CURVE('',#1033,#1036,#475,.T.);
#1294=EDGE_CURVE('',#1037,#1038,#476,.T.);
#1295=EDGE_CURVE('',#1039,#1037,#477,.T.);
#1296=EDGE_CURVE('',#1040,#1039,#47,.T.);
#1297=EDGE_CURVE('',#1038,#1040,#478,.T.);
#1298=EDGE_CURVE('',#1038,#1041,#479,.T.);
#1299=EDGE_CURVE('',#1042,#1041,#480,.T.);
#1300=EDGE_CURVE('',#1037,#1042,#481,.T.);
#1301=EDGE_CURVE('',#1043,#1042,#482,.T.);
#1302=EDGE_CURVE('',#1039,#1043,#483,.T.);
#1303=EDGE_CURVE('',#1044,#1043,#48,.T.);
#1304=EDGE_CURVE('',#1040,#1044,#484,.T.);
#1305=EDGE_CURVE('',#1041,#1044,#485,.T.);
#1306=EDGE_CURVE('',#1045,#1046,#49,.T.);
#1307=EDGE_CURVE('',#1047,#1045,#486,.T.);
#1308=EDGE_CURVE('',#1048,#1047,#487,.T.);
#1309=EDGE_CURVE('',#1049,#1048,#488,.T.);
#1310=EDGE_CURVE('',#1050,#1049,#489,.T.);
#1311=EDGE_CURVE('',#1051,#1050,#490,.T.);
#1312=EDGE_CURVE('',#1046,#1051,#491,.T.);
#1313=EDGE_CURVE('',#1046,#1052,#492,.T.);
#1314=EDGE_CURVE('',#1053,#1052,#50,.T.);
#1315=EDGE_CURVE('',#1045,#1053,#493,.T.);
#1316=EDGE_CURVE('',#1054,#1053,#494,.T.);
#1317=EDGE_CURVE('',#1047,#1054,#495,.T.);
#1318=EDGE_CURVE('',#1055,#1054,#496,.T.);
#1319=EDGE_CURVE('',#1048,#1055,#497,.T.);
#1320=EDGE_CURVE('',#1056,#1055,#498,.T.);
#1321=EDGE_CURVE('',#1049,#1056,#499,.T.);
#1322=EDGE_CURVE('',#1057,#1056,#500,.T.);
#1323=EDGE_CURVE('',#1050,#1057,#501,.T.);
#1324=EDGE_CURVE('',#1058,#1057,#502,.T.);
#1325=EDGE_CURVE('',#1051,#1058,#503,.T.);
#1326=EDGE_CURVE('',#1052,#1058,#504,.T.);
#1327=EDGE_CURVE('',#1059,#1060,#505,.T.);
#1328=EDGE_CURVE('',#1061,#1060,#506,.T.);
#1329=EDGE_CURVE('',#1062,#1061,#507,.T.);
#1330=EDGE_CURVE('',#1059,#1062,#508,.T.);
#1331=EDGE_CURVE('',#1063,#1064,#509,.T.);
#1332=EDGE_CURVE('',#1064,#1065,#510,.T.);
#1333=EDGE_CURVE('',#1066,#1065,#511,.T.);
#1334=EDGE_CURVE('',#1067,#1066,#512,.T.);
#1335=EDGE_CURVE('',#1068,#1067,#513,.T.);
#1336=EDGE_CURVE('',#1069,#1068,#514,.T.);
#1337=EDGE_CURVE('',#1069,#1070,#515,.T.);
#1338=EDGE_CURVE('',#1070,#1071,#51,.T.);
#1339=EDGE_CURVE('',#1072,#1071,#516,.T.);
#1340=EDGE_CURVE('',#1073,#1072,#517,.T.);
#1341=EDGE_CURVE('',#1073,#1074,#518,.T.);
#1342=EDGE_CURVE('',#1074,#1075,#52,.T.);
#1343=EDGE_CURVE('',#1076,#1075,#519,.T.);
#1344=EDGE_CURVE('',#1077,#1076,#520,.T.);
#1345=EDGE_CURVE('',#1077,#1078,#521,.T.);
#1346=EDGE_CURVE('',#1078,#1079,#53,.T.);
#1347=EDGE_CURVE('',#1080,#1079,#522,.T.);
#1348=EDGE_CURVE('',#1063,#1080,#523,.T.);
#1349=EDGE_CURVE('',#1081,#1082,#524,.T.);
#1350=EDGE_CURVE('',#1083,#1082,#525,.T.);
#1351=EDGE_CURVE('',#1084,#1083,#526,.T.);
#1352=EDGE_CURVE('',#1081,#1084,#527,.T.);
#1353=EDGE_CURVE('',#1085,#1086,#528,.T.);
#1354=EDGE_CURVE('',#1087,#1086,#529,.T.);
#1355=EDGE_CURVE('',#1088,#1087,#530,.T.);
#1356=EDGE_CURVE('',#1085,#1088,#531,.T.);
#1357=EDGE_CURVE('',#1089,#1090,#532,.T.);
#1358=EDGE_CURVE('',#1091,#1090,#533,.T.);
#1359=EDGE_CURVE('',#1091,#1092,#534,.T.);
#1360=EDGE_CURVE('',#1092,#1093,#54,.T.);
#1361=EDGE_CURVE('',#1094,#1093,#535,.T.);
#1362=EDGE_CURVE('',#1095,#1094,#536,.T.);
#1363=EDGE_CURVE('',#1095,#1096,#537,.T.);
#1364=EDGE_CURVE('',#1096,#1097,#55,.T.);
#1365=EDGE_CURVE('',#1098,#1097,#538,.T.);
#1366=EDGE_CURVE('',#1099,#1098,#539,.T.);
#1367=EDGE_CURVE('',#1099,#1100,#540,.T.);
#1368=EDGE_CURVE('',#1100,#1101,#56,.T.);
#1369=EDGE_CURVE('',#1102,#1101,#541,.T.);
#1370=EDGE_CURVE('',#1103,#1102,#542,.T.);
#1371=EDGE_CURVE('',#1103,#1104,#543,.T.);
#1372=EDGE_CURVE('',#1104,#1105,#57,.T.);
#1373=EDGE_CURVE('',#1106,#1105,#544,.T.);
#1374=EDGE_CURVE('',#1089,#1106,#545,.T.);
#1375=EDGE_CURVE('',#1107,#1108,#546,.T.);
#1376=EDGE_CURVE('',#1109,#1108,#547,.T.);
#1377=EDGE_CURVE('',#1110,#1109,#548,.T.);
#1378=EDGE_CURVE('',#1107,#1110,#549,.T.);
#1379=EDGE_CURVE('',#1111,#1112,#550,.T.);
#1380=EDGE_CURVE('',#1113,#1112,#551,.T.);
#1381=EDGE_CURVE('',#1114,#1113,#552,.T.);
#1382=EDGE_CURVE('',#1111,#1114,#553,.T.);
#1383=EDGE_CURVE('',#1059,#1115,#554,.T.);
#1384=EDGE_CURVE('',#1115,#1116,#555,.T.);
#1385=EDGE_CURVE('',#1060,#1116,#556,.T.);
#1386=EDGE_CURVE('',#1116,#1117,#557,.T.);
#1387=EDGE_CURVE('',#1061,#1117,#558,.T.);
#1388=EDGE_CURVE('',#1117,#1118,#559,.T.);
#1389=EDGE_CURVE('',#1063,#1118,#560,.T.);
#1390=EDGE_CURVE('',#1080,#1119,#561,.T.);
#1391=EDGE_CURVE('',#1119,#1120,#562,.T.);
#1392=EDGE_CURVE('',#1077,#1120,#563,.T.);
#1393=EDGE_CURVE('',#1076,#1121,#564,.T.);
#1394=EDGE_CURVE('',#1121,#1122,#565,.T.);
#1395=EDGE_CURVE('',#1073,#1122,#566,.T.);
#1396=EDGE_CURVE('',#1072,#1123,#567,.T.);
#1397=EDGE_CURVE('',#1123,#1124,#568,.T.);
#1398=EDGE_CURVE('',#1081,#1124,#569,.T.);
#1399=EDGE_CURVE('',#1084,#1125,#570,.T.);
#1400=EDGE_CURVE('',#1126,#1125,#571,.T.);
#1401=EDGE_CURVE('',#1062,#1126,#572,.T.);
#1402=EDGE_CURVE('',#1127,#1128,#573,.T.);
#1403=EDGE_CURVE('',#1129,#1127,#574,.T.);
#1404=EDGE_CURVE('',#1124,#1129,#575,.T.);
#1405=EDGE_CURVE('',#1130,#1123,#576,.T.);
#1406=EDGE_CURVE('',#1131,#1130,#58,.T.);
#1407=EDGE_CURVE('',#1128,#1131,#577,.T.);
#1408=EDGE_CURVE('',#1132,#1133,#578,.T.);
#1409=EDGE_CURVE('',#1134,#1132,#579,.T.);
#1410=EDGE_CURVE('',#1135,#1134,#580,.T.);
#1411=EDGE_CURVE('',#1133,#1135,#581,.T.);
#1412=EDGE_CURVE('',#1136,#1137,#582,.T.);
#1413=EDGE_CURVE('',#1138,#1136,#583,.T.);
#1414=EDGE_CURVE('',#1139,#1138,#584,.T.);
#1415=EDGE_CURVE('',#1137,#1139,#585,.T.);
#1416=EDGE_CURVE('',#1140,#1141,#586,.T.);
#1417=EDGE_CURVE('',#1142,#1140,#587,.T.);
#1418=EDGE_CURVE('',#1143,#1142,#59,.T.);
#1419=EDGE_CURVE('',#1144,#1143,#588,.T.);
#1420=EDGE_CURVE('',#1145,#1144,#589,.T.);
#1421=EDGE_CURVE('',#1146,#1145,#590,.T.);
#1422=EDGE_CURVE('',#1141,#1146,#591,.T.);
#1423=EDGE_CURVE('',#1147,#1148,#592,.T.);
#1424=EDGE_CURVE('',#1149,#1147,#593,.T.);
#1425=EDGE_CURVE('',#1150,#1149,#60,.T.);
#1426=EDGE_CURVE('',#1148,#1150,#594,.T.);
#1427=EDGE_CURVE('',#1151,#1152,#595,.T.);
#1428=EDGE_CURVE('',#1153,#1151,#596,.T.);
#1429=EDGE_CURVE('',#1154,#1153,#61,.T.);
#1430=EDGE_CURVE('',#1152,#1154,#597,.T.);
#1431=EDGE_CURVE('',#1155,#1156,#598,.T.);
#1432=EDGE_CURVE('',#1157,#1155,#599,.T.);
#1433=EDGE_CURVE('',#1158,#1157,#62,.T.);
#1434=EDGE_CURVE('',#1159,#1158,#600,.T.);
#1435=EDGE_CURVE('',#1160,#1159,#601,.T.);
#1436=EDGE_CURVE('',#1161,#1160,#602,.T.);
#1437=EDGE_CURVE('',#1156,#1161,#603,.T.);
#1438=EDGE_CURVE('',#1162,#1115,#604,.T.);
#1439=EDGE_CURVE('',#1163,#1162,#605,.T.);
#1440=EDGE_CURVE('',#1164,#1163,#606,.T.);
#1441=EDGE_CURVE('',#1118,#1164,#607,.T.);
#1442=EDGE_CURVE('',#1165,#1119,#608,.T.);
#1443=EDGE_CURVE('',#1166,#1165,#63,.T.);
#1444=EDGE_CURVE('',#1120,#1166,#609,.T.);
#1445=EDGE_CURVE('',#1167,#1121,#610,.T.);
#1446=EDGE_CURVE('',#1168,#1167,#64,.T.);
#1447=EDGE_CURVE('',#1122,#1168,#611,.T.);
#1448=EDGE_CURVE('',#1069,#1128,#612,.T.);
#1449=EDGE_CURVE('',#1068,#1132,#613,.T.);
#1450=EDGE_CURVE('',#1085,#1133,#614,.T.);
#1451=EDGE_CURVE('',#1088,#1136,#615,.T.);
#1452=EDGE_CURVE('',#1089,#1137,#616,.T.);
#1453=EDGE_CURVE('',#1106,#1140,#617,.T.);
#1454=EDGE_CURVE('',#1107,#1141,#618,.T.);
#1455=EDGE_CURVE('',#1110,#1169,#619,.T.);
#1456=EDGE_CURVE('',#1125,#1169,#620,.T.);
#1457=EDGE_CURVE('',#1083,#1127,#621,.T.);
#1458=EDGE_CURVE('',#1082,#1129,#622,.T.);
#1459=EDGE_CURVE('',#1169,#1170,#623,.T.);
#1460=EDGE_CURVE('',#1170,#1126,#624,.T.);
#1461=EDGE_CURVE('',#1091,#1159,#625,.T.);
#1462=EDGE_CURVE('',#1090,#1139,#626,.T.);
#1463=EDGE_CURVE('',#1087,#1138,#627,.T.);
#1464=EDGE_CURVE('',#1086,#1135,#628,.T.);
#1465=EDGE_CURVE('',#1067,#1134,#629,.T.);
#1466=EDGE_CURVE('',#1066,#1162,#630,.T.);
#1467=EDGE_CURVE('',#1114,#1170,#631,.T.);
#1468=EDGE_CURVE('',#1113,#1160,#632,.T.);
#1469=EDGE_CURVE('',#1112,#1161,#633,.T.);
#1470=EDGE_CURVE('',#1111,#1156,#634,.T.);
#1471=EDGE_CURVE('',#1103,#1144,#635,.T.);
#1472=EDGE_CURVE('',#1102,#1147,#636,.T.);
#1473=EDGE_CURVE('',#1099,#1148,#637,.T.);
#1474=EDGE_CURVE('',#1098,#1151,#638,.T.);
#1475=EDGE_CURVE('',#1095,#1152,#639,.T.);
#1476=EDGE_CURVE('',#1094,#1155,#640,.T.);
#1477=EDGE_CURVE('',#1109,#1145,#641,.T.);
#1478=EDGE_CURVE('',#1108,#1146,#642,.T.);
#1479=EDGE_CURVE('',#1093,#1157,#643,.T.);
#1480=EDGE_CURVE('',#1092,#1158,#644,.T.);
#1481=EDGE_CURVE('',#1096,#1154,#645,.T.);
#1482=EDGE_CURVE('',#1097,#1153,#646,.T.);
#1483=EDGE_CURVE('',#1100,#1150,#647,.T.);
#1484=EDGE_CURVE('',#1101,#1149,#648,.T.);
#1485=EDGE_CURVE('',#1104,#1143,#649,.T.);
#1486=EDGE_CURVE('',#1105,#1142,#650,.T.);
#1487=EDGE_CURVE('',#1065,#1163,#651,.T.);
#1488=EDGE_CURVE('',#1064,#1164,#652,.T.);
#1489=EDGE_CURVE('',#1070,#1131,#653,.T.);
#1490=EDGE_CURVE('',#1071,#1130,#654,.T.);
#1491=EDGE_CURVE('',#1078,#1166,#655,.T.);
#1492=EDGE_CURVE('',#1079,#1165,#656,.T.);
#1493=EDGE_CURVE('',#1074,#1168,#657,.T.);
#1494=EDGE_CURVE('',#1075,#1167,#658,.T.);
#1495=ORIENTED_EDGE('',*,*,#1171,.F.);
#1496=ORIENTED_EDGE('',*,*,#1172,.F.);
#1497=ORIENTED_EDGE('',*,*,#1173,.F.);
#1498=ORIENTED_EDGE('',*,*,#1174,.F.);
#1499=ORIENTED_EDGE('',*,*,#1175,.F.);
#1500=ORIENTED_EDGE('',*,*,#1176,.F.);
#1501=ORIENTED_EDGE('',*,*,#1177,.F.);
#1502=ORIENTED_EDGE('',*,*,#1171,.T.);
#1503=ORIENTED_EDGE('',*,*,#1178,.T.);
#1504=ORIENTED_EDGE('',*,*,#1179,.F.);
#1505=ORIENTED_EDGE('',*,*,#1180,.F.);
#1506=ORIENTED_EDGE('',*,*,#1172,.T.);
#1507=ORIENTED_EDGE('',*,*,#1180,.T.);
#1508=ORIENTED_EDGE('',*,*,#1181,.F.);
#1509=ORIENTED_EDGE('',*,*,#1182,.F.);
#1510=ORIENTED_EDGE('',*,*,#1173,.T.);
#1511=ORIENTED_EDGE('',*,*,#1182,.T.);
#1512=ORIENTED_EDGE('',*,*,#1183,.F.);
#1513=ORIENTED_EDGE('',*,*,#1184,.F.);
#1514=ORIENTED_EDGE('',*,*,#1174,.T.);
#1515=ORIENTED_EDGE('',*,*,#1184,.T.);
#1516=ORIENTED_EDGE('',*,*,#1185,.F.);
#1517=ORIENTED_EDGE('',*,*,#1186,.F.);
#1518=ORIENTED_EDGE('',*,*,#1175,.T.);
#1519=ORIENTED_EDGE('',*,*,#1186,.T.);
#1520=ORIENTED_EDGE('',*,*,#1187,.F.);
#1521=ORIENTED_EDGE('',*,*,#1188,.F.);
#1522=ORIENTED_EDGE('',*,*,#1176,.T.);
#1523=ORIENTED_EDGE('',*,*,#1188,.T.);
#1524=ORIENTED_EDGE('',*,*,#1189,.F.);
#1525=ORIENTED_EDGE('',*,*,#1190,.F.);
#1526=ORIENTED_EDGE('',*,*,#1177,.T.);
#1527=ORIENTED_EDGE('',*,*,#1190,.T.);
#1528=ORIENTED_EDGE('',*,*,#1191,.F.);
#1529=ORIENTED_EDGE('',*,*,#1178,.F.);
#1530=ORIENTED_EDGE('',*,*,#1179,.T.);
#1531=ORIENTED_EDGE('',*,*,#1191,.T.);
#1532=ORIENTED_EDGE('',*,*,#1189,.T.);
#1533=ORIENTED_EDGE('',*,*,#1187,.T.);
#1534=ORIENTED_EDGE('',*,*,#1185,.T.);
#1535=ORIENTED_EDGE('',*,*,#1183,.T.);
#1536=ORIENTED_EDGE('',*,*,#1181,.T.);
#1537=ORIENTED_EDGE('',*,*,#1192,.F.);
#1538=ORIENTED_EDGE('',*,*,#1193,.F.);
#1539=ORIENTED_EDGE('',*,*,#1194,.F.);
#1540=ORIENTED_EDGE('',*,*,#1195,.F.);
#1541=ORIENTED_EDGE('',*,*,#1192,.T.);
#1542=ORIENTED_EDGE('',*,*,#1196,.T.);
#1543=ORIENTED_EDGE('',*,*,#1197,.F.);
#1544=ORIENTED_EDGE('',*,*,#1198,.F.);
#1545=ORIENTED_EDGE('',*,*,#1193,.T.);
#1546=ORIENTED_EDGE('',*,*,#1198,.T.);
#1547=ORIENTED_EDGE('',*,*,#1199,.F.);
#1548=ORIENTED_EDGE('',*,*,#1200,.F.);
#1549=ORIENTED_EDGE('',*,*,#1194,.T.);
#1550=ORIENTED_EDGE('',*,*,#1200,.T.);
#1551=ORIENTED_EDGE('',*,*,#1201,.F.);
#1552=ORIENTED_EDGE('',*,*,#1202,.F.);
#1553=ORIENTED_EDGE('',*,*,#1195,.T.);
#1554=ORIENTED_EDGE('',*,*,#1202,.T.);
#1555=ORIENTED_EDGE('',*,*,#1203,.F.);
#1556=ORIENTED_EDGE('',*,*,#1196,.F.);
#1557=ORIENTED_EDGE('',*,*,#1197,.T.);
#1558=ORIENTED_EDGE('',*,*,#1203,.T.);
#1559=ORIENTED_EDGE('',*,*,#1201,.T.);
#1560=ORIENTED_EDGE('',*,*,#1199,.T.);
#1561=ORIENTED_EDGE('',*,*,#1204,.F.);
#1562=ORIENTED_EDGE('',*,*,#1205,.F.);
#1563=ORIENTED_EDGE('',*,*,#1206,.F.);
#1564=ORIENTED_EDGE('',*,*,#1207,.F.);
#1565=ORIENTED_EDGE('',*,*,#1204,.T.);
#1566=ORIENTED_EDGE('',*,*,#1208,.T.);
#1567=ORIENTED_EDGE('',*,*,#1209,.F.);
#1568=ORIENTED_EDGE('',*,*,#1210,.F.);
#1569=ORIENTED_EDGE('',*,*,#1205,.T.);
#1570=ORIENTED_EDGE('',*,*,#1210,.T.);
#1571=ORIENTED_EDGE('',*,*,#1211,.F.);
#1572=ORIENTED_EDGE('',*,*,#1212,.F.);
#1573=ORIENTED_EDGE('',*,*,#1206,.T.);
#1574=ORIENTED_EDGE('',*,*,#1212,.T.);
#1575=ORIENTED_EDGE('',*,*,#1213,.F.);
#1576=ORIENTED_EDGE('',*,*,#1214,.F.);
#1577=ORIENTED_EDGE('',*,*,#1207,.T.);
#1578=ORIENTED_EDGE('',*,*,#1214,.T.);
#1579=ORIENTED_EDGE('',*,*,#1215,.F.);
#1580=ORIENTED_EDGE('',*,*,#1208,.F.);
#1581=ORIENTED_EDGE('',*,*,#1209,.T.);
#1582=ORIENTED_EDGE('',*,*,#1215,.T.);
#1583=ORIENTED_EDGE('',*,*,#1213,.T.);
#1584=ORIENTED_EDGE('',*,*,#1211,.T.);
#1585=ORIENTED_EDGE('',*,*,#1216,.F.);
#1586=ORIENTED_EDGE('',*,*,#1217,.F.);
#1587=ORIENTED_EDGE('',*,*,#1218,.F.);
#1588=ORIENTED_EDGE('',*,*,#1219,.F.);
#1589=ORIENTED_EDGE('',*,*,#1220,.F.);
#1590=ORIENTED_EDGE('',*,*,#1221,.F.);
#1591=ORIENTED_EDGE('',*,*,#1222,.F.);
#1592=ORIENTED_EDGE('',*,*,#1216,.T.);
#1593=ORIENTED_EDGE('',*,*,#1223,.T.);
#1594=ORIENTED_EDGE('',*,*,#1224,.F.);
#1595=ORIENTED_EDGE('',*,*,#1225,.F.);
#1596=ORIENTED_EDGE('',*,*,#1217,.T.);
#1597=ORIENTED_EDGE('',*,*,#1225,.T.);
#1598=ORIENTED_EDGE('',*,*,#1226,.F.);
#1599=ORIENTED_EDGE('',*,*,#1227,.F.);
#1600=ORIENTED_EDGE('',*,*,#1218,.T.);
#1601=ORIENTED_EDGE('',*,*,#1227,.T.);
#1602=ORIENTED_EDGE('',*,*,#1228,.F.);
#1603=ORIENTED_EDGE('',*,*,#1229,.F.);
#1604=ORIENTED_EDGE('',*,*,#1219,.T.);
#1605=ORIENTED_EDGE('',*,*,#1229,.T.);
#1606=ORIENTED_EDGE('',*,*,#1230,.F.);
#1607=ORIENTED_EDGE('',*,*,#1231,.F.);
#1608=ORIENTED_EDGE('',*,*,#1220,.T.);
#1609=ORIENTED_EDGE('',*,*,#1231,.T.);
#1610=ORIENTED_EDGE('',*,*,#1232,.F.);
#1611=ORIENTED_EDGE('',*,*,#1233,.F.);
#1612=ORIENTED_EDGE('',*,*,#1221,.T.);
#1613=ORIENTED_EDGE('',*,*,#1233,.T.);
#1614=ORIENTED_EDGE('',*,*,#1234,.F.);
#1615=ORIENTED_EDGE('',*,*,#1235,.F.);
#1616=ORIENTED_EDGE('',*,*,#1222,.T.);
#1617=ORIENTED_EDGE('',*,*,#1235,.T.);
#1618=ORIENTED_EDGE('',*,*,#1236,.F.);
#1619=ORIENTED_EDGE('',*,*,#1223,.F.);
#1620=ORIENTED_EDGE('',*,*,#1224,.T.);
#1621=ORIENTED_EDGE('',*,*,#1236,.T.);
#1622=ORIENTED_EDGE('',*,*,#1234,.T.);
#1623=ORIENTED_EDGE('',*,*,#1232,.T.);
#1624=ORIENTED_EDGE('',*,*,#1230,.T.);
#1625=ORIENTED_EDGE('',*,*,#1228,.T.);
#1626=ORIENTED_EDGE('',*,*,#1226,.T.);
#1627=ORIENTED_EDGE('',*,*,#1237,.F.);
#1628=ORIENTED_EDGE('',*,*,#1238,.F.);
#1629=ORIENTED_EDGE('',*,*,#1239,.F.);
#1630=ORIENTED_EDGE('',*,*,#1240,.F.);
#1631=ORIENTED_EDGE('',*,*,#1237,.T.);
#1632=ORIENTED_EDGE('',*,*,#1241,.T.);
#1633=ORIENTED_EDGE('',*,*,#1242,.F.);
#1634=ORIENTED_EDGE('',*,*,#1243,.F.);
#1635=ORIENTED_EDGE('',*,*,#1238,.T.);
#1636=ORIENTED_EDGE('',*,*,#1243,.T.);
#1637=ORIENTED_EDGE('',*,*,#1244,.F.);
#1638=ORIENTED_EDGE('',*,*,#1245,.F.);
#1639=ORIENTED_EDGE('',*,*,#1239,.T.);
#1640=ORIENTED_EDGE('',*,*,#1245,.T.);
#1641=ORIENTED_EDGE('',*,*,#1246,.F.);
#1642=ORIENTED_EDGE('',*,*,#1247,.F.);
#1643=ORIENTED_EDGE('',*,*,#1240,.T.);
#1644=ORIENTED_EDGE('',*,*,#1247,.T.);
#1645=ORIENTED_EDGE('',*,*,#1248,.F.);
#1646=ORIENTED_EDGE('',*,*,#1241,.F.);
#1647=ORIENTED_EDGE('',*,*,#1242,.T.);
#1648=ORIENTED_EDGE('',*,*,#1248,.T.);
#1649=ORIENTED_EDGE('',*,*,#1246,.T.);
#1650=ORIENTED_EDGE('',*,*,#1244,.T.);
#1651=ORIENTED_EDGE('',*,*,#1249,.F.);
#1652=ORIENTED_EDGE('',*,*,#1250,.F.);
#1653=ORIENTED_EDGE('',*,*,#1251,.F.);
#1654=ORIENTED_EDGE('',*,*,#1252,.F.);
#1655=ORIENTED_EDGE('',*,*,#1249,.T.);
#1656=ORIENTED_EDGE('',*,*,#1253,.T.);
#1657=ORIENTED_EDGE('',*,*,#1254,.F.);
#1658=ORIENTED_EDGE('',*,*,#1255,.F.);
#1659=ORIENTED_EDGE('',*,*,#1250,.T.);
#1660=ORIENTED_EDGE('',*,*,#1255,.T.);
#1661=ORIENTED_EDGE('',*,*,#1256,.F.);
#1662=ORIENTED_EDGE('',*,*,#1257,.F.);
#1663=ORIENTED_EDGE('',*,*,#1251,.T.);
#1664=ORIENTED_EDGE('',*,*,#1257,.T.);
#1665=ORIENTED_EDGE('',*,*,#1258,.F.);
#1666=ORIENTED_EDGE('',*,*,#1259,.F.);
#1667=ORIENTED_EDGE('',*,*,#1252,.T.);
#1668=ORIENTED_EDGE('',*,*,#1259,.T.);
#1669=ORIENTED_EDGE('',*,*,#1260,.F.);
#1670=ORIENTED_EDGE('',*,*,#1253,.F.);
#1671=ORIENTED_EDGE('',*,*,#1254,.T.);
#1672=ORIENTED_EDGE('',*,*,#1260,.T.);
#1673=ORIENTED_EDGE('',*,*,#1258,.T.);
#1674=ORIENTED_EDGE('',*,*,#1256,.T.);
#1675=ORIENTED_EDGE('',*,*,#1261,.F.);
#1676=ORIENTED_EDGE('',*,*,#1262,.F.);
#1677=ORIENTED_EDGE('',*,*,#1263,.F.);
#1678=ORIENTED_EDGE('',*,*,#1264,.F.);
#1679=ORIENTED_EDGE('',*,*,#1265,.F.);
#1680=ORIENTED_EDGE('',*,*,#1266,.F.);
#1681=ORIENTED_EDGE('',*,*,#1267,.F.);
#1682=ORIENTED_EDGE('',*,*,#1261,.T.);
#1683=ORIENTED_EDGE('',*,*,#1268,.T.);
#1684=ORIENTED_EDGE('',*,*,#1269,.F.);
#1685=ORIENTED_EDGE('',*,*,#1270,.F.);
#1686=ORIENTED_EDGE('',*,*,#1262,.T.);
#1687=ORIENTED_EDGE('',*,*,#1270,.T.);
#1688=ORIENTED_EDGE('',*,*,#1271,.F.);
#1689=ORIENTED_EDGE('',*,*,#1272,.F.);
#1690=ORIENTED_EDGE('',*,*,#1263,.T.);
#1691=ORIENTED_EDGE('',*,*,#1272,.T.);
#1692=ORIENTED_EDGE('',*,*,#1273,.F.);
#1693=ORIENTED_EDGE('',*,*,#1274,.F.);
#1694=ORIENTED_EDGE('',*,*,#1264,.T.);
#1695=ORIENTED_EDGE('',*,*,#1274,.T.);
#1696=ORIENTED_EDGE('',*,*,#1275,.F.);
#1697=ORIENTED_EDGE('',*,*,#1276,.F.);
#1698=ORIENTED_EDGE('',*,*,#1265,.T.);
#1699=ORIENTED_EDGE('',*,*,#1276,.T.);
#1700=ORIENTED_EDGE('',*,*,#1277,.F.);
#1701=ORIENTED_EDGE('',*,*,#1278,.F.);
#1702=ORIENTED_EDGE('',*,*,#1266,.T.);
#1703=ORIENTED_EDGE('',*,*,#1278,.T.);
#1704=ORIENTED_EDGE('',*,*,#1279,.F.);
#1705=ORIENTED_EDGE('',*,*,#1280,.F.);
#1706=ORIENTED_EDGE('',*,*,#1267,.T.);
#1707=ORIENTED_EDGE('',*,*,#1280,.T.);
#1708=ORIENTED_EDGE('',*,*,#1281,.F.);
#1709=ORIENTED_EDGE('',*,*,#1268,.F.);
#1710=ORIENTED_EDGE('',*,*,#1269,.T.);
#1711=ORIENTED_EDGE('',*,*,#1281,.T.);
#1712=ORIENTED_EDGE('',*,*,#1279,.T.);
#1713=ORIENTED_EDGE('',*,*,#1277,.T.);
#1714=ORIENTED_EDGE('',*,*,#1275,.T.);
#1715=ORIENTED_EDGE('',*,*,#1273,.T.);
#1716=ORIENTED_EDGE('',*,*,#1271,.T.);
#1717=ORIENTED_EDGE('',*,*,#1282,.F.);
#1718=ORIENTED_EDGE('',*,*,#1283,.F.);
#1719=ORIENTED_EDGE('',*,*,#1284,.F.);
#1720=ORIENTED_EDGE('',*,*,#1285,.F.);
#1721=ORIENTED_EDGE('',*,*,#1282,.T.);
#1722=ORIENTED_EDGE('',*,*,#1286,.T.);
#1723=ORIENTED_EDGE('',*,*,#1287,.F.);
#1724=ORIENTED_EDGE('',*,*,#1288,.F.);
#1725=ORIENTED_EDGE('',*,*,#1283,.T.);
#1726=ORIENTED_EDGE('',*,*,#1288,.T.);
#1727=ORIENTED_EDGE('',*,*,#1289,.F.);
#1728=ORIENTED_EDGE('',*,*,#1290,.F.);
#1729=ORIENTED_EDGE('',*,*,#1284,.T.);
#1730=ORIENTED_EDGE('',*,*,#1290,.T.);
#1731=ORIENTED_EDGE('',*,*,#1291,.F.);
#1732=ORIENTED_EDGE('',*,*,#1292,.F.);
#1733=ORIENTED_EDGE('',*,*,#1285,.T.);
#1734=ORIENTED_EDGE('',*,*,#1292,.T.);
#1735=ORIENTED_EDGE('',*,*,#1293,.F.);
#1736=ORIENTED_EDGE('',*,*,#1286,.F.);
#1737=ORIENTED_EDGE('',*,*,#1287,.T.);
#1738=ORIENTED_EDGE('',*,*,#1293,.T.);
#1739=ORIENTED_EDGE('',*,*,#1291,.T.);
#1740=ORIENTED_EDGE('',*,*,#1289,.T.);
#1741=ORIENTED_EDGE('',*,*,#1294,.F.);
#1742=ORIENTED_EDGE('',*,*,#1295,.F.);
#1743=ORIENTED_EDGE('',*,*,#1296,.F.);
#1744=ORIENTED_EDGE('',*,*,#1297,.F.);
#1745=ORIENTED_EDGE('',*,*,#1294,.T.);
#1746=ORIENTED_EDGE('',*,*,#1298,.T.);
#1747=ORIENTED_EDGE('',*,*,#1299,.F.);
#1748=ORIENTED_EDGE('',*,*,#1300,.F.);
#1749=ORIENTED_EDGE('',*,*,#1295,.T.);
#1750=ORIENTED_EDGE('',*,*,#1300,.T.);
#1751=ORIENTED_EDGE('',*,*,#1301,.F.);
#1752=ORIENTED_EDGE('',*,*,#1302,.F.);
#1753=ORIENTED_EDGE('',*,*,#1296,.T.);
#1754=ORIENTED_EDGE('',*,*,#1302,.T.);
#1755=ORIENTED_EDGE('',*,*,#1303,.F.);
#1756=ORIENTED_EDGE('',*,*,#1304,.F.);
#1757=ORIENTED_EDGE('',*,*,#1297,.T.);
#1758=ORIENTED_EDGE('',*,*,#1304,.T.);
#1759=ORIENTED_EDGE('',*,*,#1305,.F.);
#1760=ORIENTED_EDGE('',*,*,#1298,.F.);
#1761=ORIENTED_EDGE('',*,*,#1299,.T.);
#1762=ORIENTED_EDGE('',*,*,#1305,.T.);
#1763=ORIENTED_EDGE('',*,*,#1303,.T.);
#1764=ORIENTED_EDGE('',*,*,#1301,.T.);
#1765=ORIENTED_EDGE('',*,*,#1306,.F.);
#1766=ORIENTED_EDGE('',*,*,#1307,.F.);
#1767=ORIENTED_EDGE('',*,*,#1308,.F.);
#1768=ORIENTED_EDGE('',*,*,#1309,.F.);
#1769=ORIENTED_EDGE('',*,*,#1310,.F.);
#1770=ORIENTED_EDGE('',*,*,#1311,.F.);
#1771=ORIENTED_EDGE('',*,*,#1312,.F.);
#1772=ORIENTED_EDGE('',*,*,#1306,.T.);
#1773=ORIENTED_EDGE('',*,*,#1313,.T.);
#1774=ORIENTED_EDGE('',*,*,#1314,.F.);
#1775=ORIENTED_EDGE('',*,*,#1315,.F.);
#1776=ORIENTED_EDGE('',*,*,#1307,.T.);
#1777=ORIENTED_EDGE('',*,*,#1315,.T.);
#1778=ORIENTED_EDGE('',*,*,#1316,.F.);
#1779=ORIENTED_EDGE('',*,*,#1317,.F.);
#1780=ORIENTED_EDGE('',*,*,#1308,.T.);
#1781=ORIENTED_EDGE('',*,*,#1317,.T.);
#1782=ORIENTED_EDGE('',*,*,#1318,.F.);
#1783=ORIENTED_EDGE('',*,*,#1319,.F.);
#1784=ORIENTED_EDGE('',*,*,#1309,.T.);
#1785=ORIENTED_EDGE('',*,*,#1319,.T.);
#1786=ORIENTED_EDGE('',*,*,#1320,.F.);
#1787=ORIENTED_EDGE('',*,*,#1321,.F.);
#1788=ORIENTED_EDGE('',*,*,#1310,.T.);
#1789=ORIENTED_EDGE('',*,*,#1321,.T.);
#1790=ORIENTED_EDGE('',*,*,#1322,.F.);
#1791=ORIENTED_EDGE('',*,*,#1323,.F.);
#1792=ORIENTED_EDGE('',*,*,#1311,.T.);
#1793=ORIENTED_EDGE('',*,*,#1323,.T.);
#1794=ORIENTED_EDGE('',*,*,#1324,.F.);
#1795=ORIENTED_EDGE('',*,*,#1325,.F.);
#1796=ORIENTED_EDGE('',*,*,#1312,.T.);
#1797=ORIENTED_EDGE('',*,*,#1325,.T.);
#1798=ORIENTED_EDGE('',*,*,#1326,.F.);
#1799=ORIENTED_EDGE('',*,*,#1313,.F.);
#1800=ORIENTED_EDGE('',*,*,#1314,.T.);
#1801=ORIENTED_EDGE('',*,*,#1326,.T.);
#1802=ORIENTED_EDGE('',*,*,#1324,.T.);
#1803=ORIENTED_EDGE('',*,*,#1322,.T.);
#1804=ORIENTED_EDGE('',*,*,#1320,.T.);
#1805=ORIENTED_EDGE('',*,*,#1318,.T.);
#1806=ORIENTED_EDGE('',*,*,#1316,.T.);
#1807=ORIENTED_EDGE('',*,*,#1327,.T.);
#1808=ORIENTED_EDGE('',*,*,#1328,.F.);
#1809=ORIENTED_EDGE('',*,*,#1329,.F.);
#1810=ORIENTED_EDGE('',*,*,#1330,.F.);
#1811=ORIENTED_EDGE('',*,*,#1331,.T.);
#1812=ORIENTED_EDGE('',*,*,#1332,.T.);
#1813=ORIENTED_EDGE('',*,*,#1333,.F.);
#1814=ORIENTED_EDGE('',*,*,#1334,.F.);
#1815=ORIENTED_EDGE('',*,*,#1335,.F.);
#1816=ORIENTED_EDGE('',*,*,#1336,.F.);
#1817=ORIENTED_EDGE('',*,*,#1337,.T.);
#1818=ORIENTED_EDGE('',*,*,#1338,.T.);
#1819=ORIENTED_EDGE('',*,*,#1339,.F.);
#1820=ORIENTED_EDGE('',*,*,#1340,.F.);
#1821=ORIENTED_EDGE('',*,*,#1341,.T.);
#1822=ORIENTED_EDGE('',*,*,#1342,.T.);
#1823=ORIENTED_EDGE('',*,*,#1343,.F.);
#1824=ORIENTED_EDGE('',*,*,#1344,.F.);
#1825=ORIENTED_EDGE('',*,*,#1345,.T.);
#1826=ORIENTED_EDGE('',*,*,#1346,.T.);
#1827=ORIENTED_EDGE('',*,*,#1347,.F.);
#1828=ORIENTED_EDGE('',*,*,#1348,.F.);
#1829=ORIENTED_EDGE('',*,*,#1349,.T.);
#1830=ORIENTED_EDGE('',*,*,#1350,.F.);
#1831=ORIENTED_EDGE('',*,*,#1351,.F.);
#1832=ORIENTED_EDGE('',*,*,#1352,.F.);
#1833=ORIENTED_EDGE('',*,*,#1353,.T.);
#1834=ORIENTED_EDGE('',*,*,#1354,.F.);
#1835=ORIENTED_EDGE('',*,*,#1355,.F.);
#1836=ORIENTED_EDGE('',*,*,#1356,.F.);
#1837=ORIENTED_EDGE('',*,*,#1357,.T.);
#1838=ORIENTED_EDGE('',*,*,#1358,.F.);
#1839=ORIENTED_EDGE('',*,*,#1359,.T.);
#1840=ORIENTED_EDGE('',*,*,#1360,.T.);
#1841=ORIENTED_EDGE('',*,*,#1361,.F.);
#1842=ORIENTED_EDGE('',*,*,#1362,.F.);
#1843=ORIENTED_EDGE('',*,*,#1363,.T.);
#1844=ORIENTED_EDGE('',*,*,#1364,.T.);
#1845=ORIENTED_EDGE('',*,*,#1365,.F.);
#1846=ORIENTED_EDGE('',*,*,#1366,.F.);
#1847=ORIENTED_EDGE('',*,*,#1367,.T.);
#1848=ORIENTED_EDGE('',*,*,#1368,.T.);
#1849=ORIENTED_EDGE('',*,*,#1369,.F.);
#1850=ORIENTED_EDGE('',*,*,#1370,.F.);
#1851=ORIENTED_EDGE('',*,*,#1371,.T.);
#1852=ORIENTED_EDGE('',*,*,#1372,.T.);
#1853=ORIENTED_EDGE('',*,*,#1373,.F.);
#1854=ORIENTED_EDGE('',*,*,#1374,.F.);
#1855=ORIENTED_EDGE('',*,*,#1375,.T.);
#1856=ORIENTED_EDGE('',*,*,#1376,.F.);
#1857=ORIENTED_EDGE('',*,*,#1377,.F.);
#1858=ORIENTED_EDGE('',*,*,#1378,.F.);
#1859=ORIENTED_EDGE('',*,*,#1379,.T.);
#1860=ORIENTED_EDGE('',*,*,#1380,.F.);
#1861=ORIENTED_EDGE('',*,*,#1381,.F.);
#1862=ORIENTED_EDGE('',*,*,#1382,.F.);
#1863=ORIENTED_EDGE('',*,*,#1327,.F.);
#1864=ORIENTED_EDGE('',*,*,#1383,.T.);
#1865=ORIENTED_EDGE('',*,*,#1384,.T.);
#1866=ORIENTED_EDGE('',*,*,#1385,.F.);
#1867=ORIENTED_EDGE('',*,*,#1328,.T.);
#1868=ORIENTED_EDGE('',*,*,#1385,.T.);
#1869=ORIENTED_EDGE('',*,*,#1386,.T.);
#1870=ORIENTED_EDGE('',*,*,#1387,.F.);
#1871=ORIENTED_EDGE('',*,*,#1388,.T.);
#1872=ORIENTED_EDGE('',*,*,#1389,.F.);
#1873=ORIENTED_EDGE('',*,*,#1348,.T.);
#1874=ORIENTED_EDGE('',*,*,#1390,.T.);
#1875=ORIENTED_EDGE('',*,*,#1391,.T.);
#1876=ORIENTED_EDGE('',*,*,#1392,.F.);
#1877=ORIENTED_EDGE('',*,*,#1344,.T.);
#1878=ORIENTED_EDGE('',*,*,#1393,.T.);
#1879=ORIENTED_EDGE('',*,*,#1394,.T.);
#1880=ORIENTED_EDGE('',*,*,#1395,.F.);
#1881=ORIENTED_EDGE('',*,*,#1340,.T.);
#1882=ORIENTED_EDGE('',*,*,#1396,.T.);
#1883=ORIENTED_EDGE('',*,*,#1397,.T.);
#1884=ORIENTED_EDGE('',*,*,#1398,.F.);
#1885=ORIENTED_EDGE('',*,*,#1352,.T.);
#1886=ORIENTED_EDGE('',*,*,#1399,.T.);
#1887=ORIENTED_EDGE('',*,*,#1400,.F.);
#1888=ORIENTED_EDGE('',*,*,#1401,.F.);
#1889=ORIENTED_EDGE('',*,*,#1329,.T.);
#1890=ORIENTED_EDGE('',*,*,#1387,.T.);
#1891=ORIENTED_EDGE('',*,*,#1402,.F.);
#1892=ORIENTED_EDGE('',*,*,#1403,.F.);
#1893=ORIENTED_EDGE('',*,*,#1404,.F.);
#1894=ORIENTED_EDGE('',*,*,#1397,.F.);
#1895=ORIENTED_EDGE('',*,*,#1405,.F.);
#1896=ORIENTED_EDGE('',*,*,#1406,.F.);
#1897=ORIENTED_EDGE('',*,*,#1407,.F.);
#1898=ORIENTED_EDGE('',*,*,#1408,.F.);
#1899=ORIENTED_EDGE('',*,*,#1409,.F.);
#1900=ORIENTED_EDGE('',*,*,#1410,.F.);
#1901=ORIENTED_EDGE('',*,*,#1411,.F.);
#1902=ORIENTED_EDGE('',*,*,#1412,.F.);
#1903=ORIENTED_EDGE('',*,*,#1413,.F.);
#1904=ORIENTED_EDGE('',*,*,#1414,.F.);
#1905=ORIENTED_EDGE('',*,*,#1415,.F.);
#1906=ORIENTED_EDGE('',*,*,#1416,.F.);
#1907=ORIENTED_EDGE('',*,*,#1417,.F.);
#1908=ORIENTED_EDGE('',*,*,#1418,.F.);
#1909=ORIENTED_EDGE('',*,*,#1419,.F.);
#1910=ORIENTED_EDGE('',*,*,#1420,.F.);
#1911=ORIENTED_EDGE('',*,*,#1421,.F.);
#1912=ORIENTED_EDGE('',*,*,#1422,.F.);
#1913=ORIENTED_EDGE('',*,*,#1423,.F.);
#1914=ORIENTED_EDGE('',*,*,#1424,.F.);
#1915=ORIENTED_EDGE('',*,*,#1425,.F.);
#1916=ORIENTED_EDGE('',*,*,#1426,.F.);
#1917=ORIENTED_EDGE('',*,*,#1427,.F.);
#1918=ORIENTED_EDGE('',*,*,#1428,.F.);
#1919=ORIENTED_EDGE('',*,*,#1429,.F.);
#1920=ORIENTED_EDGE('',*,*,#1430,.F.);
#1921=ORIENTED_EDGE('',*,*,#1431,.F.);
#1922=ORIENTED_EDGE('',*,*,#1432,.F.);
#1923=ORIENTED_EDGE('',*,*,#1433,.F.);
#1924=ORIENTED_EDGE('',*,*,#1434,.F.);
#1925=ORIENTED_EDGE('',*,*,#1435,.F.);
#1926=ORIENTED_EDGE('',*,*,#1436,.F.);
#1927=ORIENTED_EDGE('',*,*,#1437,.F.);
#1928=ORIENTED_EDGE('',*,*,#1438,.F.);
#1929=ORIENTED_EDGE('',*,*,#1439,.F.);
#1930=ORIENTED_EDGE('',*,*,#1440,.F.);
#1931=ORIENTED_EDGE('',*,*,#1441,.F.);
#1932=ORIENTED_EDGE('',*,*,#1388,.F.);
#1933=ORIENTED_EDGE('',*,*,#1386,.F.);
#1934=ORIENTED_EDGE('',*,*,#1384,.F.);
#1935=ORIENTED_EDGE('',*,*,#1391,.F.);
#1936=ORIENTED_EDGE('',*,*,#1442,.F.);
#1937=ORIENTED_EDGE('',*,*,#1443,.F.);
#1938=ORIENTED_EDGE('',*,*,#1444,.F.);
#1939=ORIENTED_EDGE('',*,*,#1394,.F.);
#1940=ORIENTED_EDGE('',*,*,#1445,.F.);
#1941=ORIENTED_EDGE('',*,*,#1446,.F.);
#1942=ORIENTED_EDGE('',*,*,#1447,.F.);
#1943=ORIENTED_EDGE('',*,*,#1402,.T.);
#1944=ORIENTED_EDGE('',*,*,#1448,.F.);
#1945=ORIENTED_EDGE('',*,*,#1336,.T.);
#1946=ORIENTED_EDGE('',*,*,#1449,.T.);
#1947=ORIENTED_EDGE('',*,*,#1408,.T.);
#1948=ORIENTED_EDGE('',*,*,#1450,.F.);
#1949=ORIENTED_EDGE('',*,*,#1356,.T.);
#1950=ORIENTED_EDGE('',*,*,#1451,.T.);
#1951=ORIENTED_EDGE('',*,*,#1412,.T.);
#1952=ORIENTED_EDGE('',*,*,#1452,.F.);
#1953=ORIENTED_EDGE('',*,*,#1374,.T.);
#1954=ORIENTED_EDGE('',*,*,#1453,.T.);
#1955=ORIENTED_EDGE('',*,*,#1416,.T.);
#1956=ORIENTED_EDGE('',*,*,#1454,.F.);
#1957=ORIENTED_EDGE('',*,*,#1378,.T.);
#1958=ORIENTED_EDGE('',*,*,#1455,.T.);
#1959=ORIENTED_EDGE('',*,*,#1456,.F.);
#1960=ORIENTED_EDGE('',*,*,#1399,.F.);
#1961=ORIENTED_EDGE('',*,*,#1351,.T.);
#1962=ORIENTED_EDGE('',*,*,#1457,.T.);
#1963=ORIENTED_EDGE('',*,*,#1350,.T.);
#1964=ORIENTED_EDGE('',*,*,#1458,.T.);
#1965=ORIENTED_EDGE('',*,*,#1403,.T.);
#1966=ORIENTED_EDGE('',*,*,#1457,.F.);
#1967=ORIENTED_EDGE('',*,*,#1349,.F.);
#1968=ORIENTED_EDGE('',*,*,#1398,.T.);
#1969=ORIENTED_EDGE('',*,*,#1404,.T.);
#1970=ORIENTED_EDGE('',*,*,#1458,.F.);
#1971=ORIENTED_EDGE('',*,*,#1456,.T.);
#1972=ORIENTED_EDGE('',*,*,#1459,.T.);
#1973=ORIENTED_EDGE('',*,*,#1460,.T.);
#1974=ORIENTED_EDGE('',*,*,#1400,.T.);
#1975=ORIENTED_EDGE('',*,*,#1435,.T.);
#1976=ORIENTED_EDGE('',*,*,#1461,.F.);
#1977=ORIENTED_EDGE('',*,*,#1358,.T.);
#1978=ORIENTED_EDGE('',*,*,#1462,.T.);
#1979=ORIENTED_EDGE('',*,*,#1414,.T.);
#1980=ORIENTED_EDGE('',*,*,#1463,.F.);
#1981=ORIENTED_EDGE('',*,*,#1354,.T.);
#1982=ORIENTED_EDGE('',*,*,#1464,.T.);
#1983=ORIENTED_EDGE('',*,*,#1410,.T.);
#1984=ORIENTED_EDGE('',*,*,#1465,.F.);
#1985=ORIENTED_EDGE('',*,*,#1334,.T.);
#1986=ORIENTED_EDGE('',*,*,#1466,.T.);
#1987=ORIENTED_EDGE('',*,*,#1438,.T.);
#1988=ORIENTED_EDGE('',*,*,#1383,.F.);
#1989=ORIENTED_EDGE('',*,*,#1330,.T.);
#1990=ORIENTED_EDGE('',*,*,#1401,.T.);
#1991=ORIENTED_EDGE('',*,*,#1460,.F.);
#1992=ORIENTED_EDGE('',*,*,#1467,.F.);
#1993=ORIENTED_EDGE('',*,*,#1381,.T.);
#1994=ORIENTED_EDGE('',*,*,#1468,.T.);
#1995=ORIENTED_EDGE('',*,*,#1380,.T.);
#1996=ORIENTED_EDGE('',*,*,#1469,.T.);
#1997=ORIENTED_EDGE('',*,*,#1436,.T.);
#1998=ORIENTED_EDGE('',*,*,#1468,.F.);
#1999=ORIENTED_EDGE('',*,*,#1379,.F.);
#2000=ORIENTED_EDGE('',*,*,#1470,.T.);
#2001=ORIENTED_EDGE('',*,*,#1437,.T.);
#2002=ORIENTED_EDGE('',*,*,#1469,.F.);
#2003=ORIENTED_EDGE('',*,*,#1420,.T.);
#2004=ORIENTED_EDGE('',*,*,#1471,.F.);
#2005=ORIENTED_EDGE('',*,*,#1370,.T.);
#2006=ORIENTED_EDGE('',*,*,#1472,.T.);
#2007=ORIENTED_EDGE('',*,*,#1423,.T.);
#2008=ORIENTED_EDGE('',*,*,#1473,.F.);
#2009=ORIENTED_EDGE('',*,*,#1366,.T.);
#2010=ORIENTED_EDGE('',*,*,#1474,.T.);
#2011=ORIENTED_EDGE('',*,*,#1427,.T.);
#2012=ORIENTED_EDGE('',*,*,#1475,.F.);
#2013=ORIENTED_EDGE('',*,*,#1362,.T.);
#2014=ORIENTED_EDGE('',*,*,#1476,.T.);
#2015=ORIENTED_EDGE('',*,*,#1431,.T.);
#2016=ORIENTED_EDGE('',*,*,#1470,.F.);
#2017=ORIENTED_EDGE('',*,*,#1382,.T.);
#2018=ORIENTED_EDGE('',*,*,#1467,.T.);
#2019=ORIENTED_EDGE('',*,*,#1459,.F.);
#2020=ORIENTED_EDGE('',*,*,#1455,.F.);
#2021=ORIENTED_EDGE('',*,*,#1377,.T.);
#2022=ORIENTED_EDGE('',*,*,#1477,.T.);
#2023=ORIENTED_EDGE('',*,*,#1376,.T.);
#2024=ORIENTED_EDGE('',*,*,#1478,.T.);
#2025=ORIENTED_EDGE('',*,*,#1421,.T.);
#2026=ORIENTED_EDGE('',*,*,#1477,.F.);
#2027=ORIENTED_EDGE('',*,*,#1375,.F.);
#2028=ORIENTED_EDGE('',*,*,#1454,.T.);
#2029=ORIENTED_EDGE('',*,*,#1422,.T.);
#2030=ORIENTED_EDGE('',*,*,#1478,.F.);
#2031=ORIENTED_EDGE('',*,*,#1361,.T.);
#2032=ORIENTED_EDGE('',*,*,#1479,.T.);
#2033=ORIENTED_EDGE('',*,*,#1432,.T.);
#2034=ORIENTED_EDGE('',*,*,#1476,.F.);
#2035=ORIENTED_EDGE('',*,*,#1360,.F.);
#2036=ORIENTED_EDGE('',*,*,#1480,.T.);
#2037=ORIENTED_EDGE('',*,*,#1433,.T.);
#2038=ORIENTED_EDGE('',*,*,#1479,.F.);
#2039=ORIENTED_EDGE('',*,*,#1359,.F.);
#2040=ORIENTED_EDGE('',*,*,#1461,.T.);
#2041=ORIENTED_EDGE('',*,*,#1434,.T.);
#2042=ORIENTED_EDGE('',*,*,#1480,.F.);
#2043=ORIENTED_EDGE('',*,*,#1363,.F.);
#2044=ORIENTED_EDGE('',*,*,#1475,.T.);
#2045=ORIENTED_EDGE('',*,*,#1430,.T.);
#2046=ORIENTED_EDGE('',*,*,#1481,.F.);
#2047=ORIENTED_EDGE('',*,*,#1364,.F.);
#2048=ORIENTED_EDGE('',*,*,#1481,.T.);
#2049=ORIENTED_EDGE('',*,*,#1429,.T.);
#2050=ORIENTED_EDGE('',*,*,#1482,.F.);
#2051=ORIENTED_EDGE('',*,*,#1365,.T.);
#2052=ORIENTED_EDGE('',*,*,#1482,.T.);
#2053=ORIENTED_EDGE('',*,*,#1428,.T.);
#2054=ORIENTED_EDGE('',*,*,#1474,.F.);
#2055=ORIENTED_EDGE('',*,*,#1367,.F.);
#2056=ORIENTED_EDGE('',*,*,#1473,.T.);
#2057=ORIENTED_EDGE('',*,*,#1426,.T.);
#2058=ORIENTED_EDGE('',*,*,#1483,.F.);
#2059=ORIENTED_EDGE('',*,*,#1368,.F.);
#2060=ORIENTED_EDGE('',*,*,#1483,.T.);
#2061=ORIENTED_EDGE('',*,*,#1425,.T.);
#2062=ORIENTED_EDGE('',*,*,#1484,.F.);
#2063=ORIENTED_EDGE('',*,*,#1369,.T.);
#2064=ORIENTED_EDGE('',*,*,#1484,.T.);
#2065=ORIENTED_EDGE('',*,*,#1424,.T.);
#2066=ORIENTED_EDGE('',*,*,#1472,.F.);
#2067=ORIENTED_EDGE('',*,*,#1371,.F.);
#2068=ORIENTED_EDGE('',*,*,#1471,.T.);
#2069=ORIENTED_EDGE('',*,*,#1419,.T.);
#2070=ORIENTED_EDGE('',*,*,#1485,.F.);
#2071=ORIENTED_EDGE('',*,*,#1372,.F.);
#2072=ORIENTED_EDGE('',*,*,#1485,.T.);
#2073=ORIENTED_EDGE('',*,*,#1418,.T.);
#2074=ORIENTED_EDGE('',*,*,#1486,.F.);
#2075=ORIENTED_EDGE('',*,*,#1373,.T.);
#2076=ORIENTED_EDGE('',*,*,#1486,.T.);
#2077=ORIENTED_EDGE('',*,*,#1417,.T.);
#2078=ORIENTED_EDGE('',*,*,#1453,.F.);
#2079=ORIENTED_EDGE('',*,*,#1333,.T.);
#2080=ORIENTED_EDGE('',*,*,#1487,.T.);
#2081=ORIENTED_EDGE('',*,*,#1439,.T.);
#2082=ORIENTED_EDGE('',*,*,#1466,.F.);
#2083=ORIENTED_EDGE('',*,*,#1332,.F.);
#2084=ORIENTED_EDGE('',*,*,#1488,.T.);
#2085=ORIENTED_EDGE('',*,*,#1440,.T.);
#2086=ORIENTED_EDGE('',*,*,#1487,.F.);
#2087=ORIENTED_EDGE('',*,*,#1331,.F.);
#2088=ORIENTED_EDGE('',*,*,#1389,.T.);
#2089=ORIENTED_EDGE('',*,*,#1441,.T.);
#2090=ORIENTED_EDGE('',*,*,#1488,.F.);
#2091=ORIENTED_EDGE('',*,*,#1335,.T.);
#2092=ORIENTED_EDGE('',*,*,#1465,.T.);
#2093=ORIENTED_EDGE('',*,*,#1409,.T.);
#2094=ORIENTED_EDGE('',*,*,#1449,.F.);
#2095=ORIENTED_EDGE('',*,*,#1353,.F.);
#2096=ORIENTED_EDGE('',*,*,#1450,.T.);
#2097=ORIENTED_EDGE('',*,*,#1411,.T.);
#2098=ORIENTED_EDGE('',*,*,#1464,.F.);
#2099=ORIENTED_EDGE('',*,*,#1355,.T.);
#2100=ORIENTED_EDGE('',*,*,#1463,.T.);
#2101=ORIENTED_EDGE('',*,*,#1413,.T.);
#2102=ORIENTED_EDGE('',*,*,#1451,.F.);
#2103=ORIENTED_EDGE('',*,*,#1357,.F.);
#2104=ORIENTED_EDGE('',*,*,#1452,.T.);
#2105=ORIENTED_EDGE('',*,*,#1415,.T.);
#2106=ORIENTED_EDGE('',*,*,#1462,.F.);
#2107=ORIENTED_EDGE('',*,*,#1337,.F.);
#2108=ORIENTED_EDGE('',*,*,#1448,.T.);
#2109=ORIENTED_EDGE('',*,*,#1407,.T.);
#2110=ORIENTED_EDGE('',*,*,#1489,.F.);
#2111=ORIENTED_EDGE('',*,*,#1338,.F.);
#2112=ORIENTED_EDGE('',*,*,#1489,.T.);
#2113=ORIENTED_EDGE('',*,*,#1406,.T.);
#2114=ORIENTED_EDGE('',*,*,#1490,.F.);
#2115=ORIENTED_EDGE('',*,*,#1339,.T.);
#2116=ORIENTED_EDGE('',*,*,#1490,.T.);
#2117=ORIENTED_EDGE('',*,*,#1405,.T.);
#2118=ORIENTED_EDGE('',*,*,#1396,.F.);
#2119=ORIENTED_EDGE('',*,*,#1345,.F.);
#2120=ORIENTED_EDGE('',*,*,#1392,.T.);
#2121=ORIENTED_EDGE('',*,*,#1444,.T.);
#2122=ORIENTED_EDGE('',*,*,#1491,.F.);
#2123=ORIENTED_EDGE('',*,*,#1346,.F.);
#2124=ORIENTED_EDGE('',*,*,#1491,.T.);
#2125=ORIENTED_EDGE('',*,*,#1443,.T.);
#2126=ORIENTED_EDGE('',*,*,#1492,.F.);
#2127=ORIENTED_EDGE('',*,*,#1347,.T.);
#2128=ORIENTED_EDGE('',*,*,#1492,.T.);
#2129=ORIENTED_EDGE('',*,*,#1442,.T.);
#2130=ORIENTED_EDGE('',*,*,#1390,.F.);
#2131=ORIENTED_EDGE('',*,*,#1341,.F.);
#2132=ORIENTED_EDGE('',*,*,#1395,.T.);
#2133=ORIENTED_EDGE('',*,*,#1447,.T.);
#2134=ORIENTED_EDGE('',*,*,#1493,.F.);
#2135=ORIENTED_EDGE('',*,*,#1342,.F.);
#2136=ORIENTED_EDGE('',*,*,#1493,.T.);
#2137=ORIENTED_EDGE('',*,*,#1446,.T.);
#2138=ORIENTED_EDGE('',*,*,#1494,.F.);
#2139=ORIENTED_EDGE('',*,*,#1343,.T.);
#2140=ORIENTED_EDGE('',*,*,#1494,.T.);
#2141=ORIENTED_EDGE('',*,*,#1445,.T.);
#2142=ORIENTED_EDGE('',*,*,#1393,.F.);
#2143=PLANE('',#2425);
#2144=PLANE('',#2426);
#2145=PLANE('',#2427);
#2146=PLANE('',#2428);
#2147=PLANE('',#2429);
#2148=PLANE('',#2430);
#2149=PLANE('',#2431);
#2150=PLANE('',#2432);
#2151=PLANE('',#2433);
#2152=PLANE('',#2434);
#2153=PLANE('',#2438);
#2154=PLANE('',#2439);
#2155=PLANE('',#2440);
#2156=PLANE('',#2441);
#2157=PLANE('',#2442);
#2158=PLANE('',#2444);
#2159=PLANE('',#2445);
#2160=PLANE('',#2448);
#2161=PLANE('',#2449);
#2162=PLANE('',#2450);
#2163=PLANE('',#2454);
#2164=PLANE('',#2455);
#2165=PLANE('',#2456);
#2166=PLANE('',#2457);
#2167=PLANE('',#2458);
#2168=PLANE('',#2459);
#2169=PLANE('',#2460);
#2170=PLANE('',#2461);
#2171=PLANE('',#2462);
#2172=PLANE('',#2463);
#2173=PLANE('',#2464);
#2174=PLANE('',#2465);
#2175=PLANE('',#2466);
#2176=PLANE('',#2467);
#2177=PLANE('',#2468);
#2178=PLANE('',#2469);
#2179=PLANE('',#2470);
#2180=PLANE('',#2471);
#2181=PLANE('',#2472);
#2182=PLANE('',#2473);
#2183=PLANE('',#2475);
#2184=PLANE('',#2476);
#2185=PLANE('',#2477);
#2186=PLANE('',#2480);
#2187=PLANE('',#2481);
#2188=PLANE('',#2482);
#2189=PLANE('',#2483);
#2190=PLANE('',#2484);
#2191=PLANE('',#2488);
#2192=PLANE('',#2489);
#2193=PLANE('',#2490);
#2194=PLANE('',#2491);
#2195=PLANE('',#2492);
#2196=PLANE('',#2494);
#2197=PLANE('',#2495);
#2198=PLANE('',#2498);
#2199=PLANE('',#2499);
#2200=PLANE('',#2500);
#2201=PLANE('',#2504);
#2202=PLANE('',#2505);
#2203=PLANE('',#2506);
#2204=PLANE('',#2507);
#2205=PLANE('',#2508);
#2206=PLANE('',#2509);
#2207=PLANE('',#2510);
#2208=PLANE('',#2512);
#2209=PLANE('',#2513);
#2210=PLANE('',#2517);
#2211=PLANE('',#2518);
#2212=PLANE('',#2519);
#2213=PLANE('',#2524);
#2214=PLANE('',#2525);
#2215=PLANE('',#2526);
#2216=PLANE('',#2527);
#2217=PLANE('',#2528);
#2218=PLANE('',#2529);
#2219=PLANE('',#2531);
#2220=PLANE('',#2532);
#2221=PLANE('',#2533);
#2222=PLANE('',#2535);
#2223=PLANE('',#2537);
#2224=PLANE('',#2539);
#2225=PLANE('',#2541);
#2226=PLANE('',#2542);
#2227=PLANE('',#2544);
#2228=PLANE('',#2546);
#2229=PLANE('',#2547);
#2230=PLANE('',#2548);
#2231=PLANE('',#2549);
#2232=PLANE('',#2550);
#2233=PLANE('',#2551);
#2234=PLANE('',#2552);
#2235=PLANE('',#2553);
#2236=PLANE('',#2554);
#2237=PLANE('',#2555);
#2238=PLANE('',#2556);
#2239=PLANE('',#2558);
#2240=PLANE('',#2559);
#2241=PLANE('',#2561);
#2242=PLANE('',#2562);
#2243=PLANE('',#2564);
#2244=PLANE('',#2565);
#2245=PLANE('',#2567);
#2246=PLANE('',#2568);
#2247=PLANE('',#2569);
#2248=PLANE('',#2570);
#2249=PLANE('',#2571);
#2250=PLANE('',#2572);
#2251=PLANE('',#2573);
#2252=PLANE('',#2574);
#2253=PLANE('',#2575);
#2254=PLANE('',#2577);
#2255=PLANE('',#2578);
#2256=PLANE('',#2580);
#2257=PLANE('',#2581);
#2258=PLANE('',#2583);
#2259=ADVANCED_FACE('',(#103),#2143,.F.);
#2260=ADVANCED_FACE('',(#104),#2144,.T.);
#2261=ADVANCED_FACE('',(#105),#2145,.T.);
#2262=ADVANCED_FACE('',(#106),#2146,.T.);
#2263=ADVANCED_FACE('',(#107),#2147,.T.);
#2264=ADVANCED_FACE('',(#108),#2148,.T.);
#2265=ADVANCED_FACE('',(#109),#2149,.T.);
#2266=ADVANCED_FACE('',(#110),#2150,.T.);
#2267=ADVANCED_FACE('',(#111),#2151,.T.);
#2268=ADVANCED_FACE('',(#112),#2152,.F.);
#2269=ADVANCED_FACE('',(#113),#23,.T.);
#2270=ADVANCED_FACE('',(#114),#2153,.T.);
#2271=ADVANCED_FACE('',(#115),#2154,.T.);
#2272=ADVANCED_FACE('',(#116),#2155,.T.);
#2273=ADVANCED_FACE('',(#117),#2156,.T.);
#2274=ADVANCED_FACE('',(#118),#2157,.F.);
#2275=ADVANCED_FACE('',(#119),#2158,.T.);
#2276=ADVANCED_FACE('',(#120),#2159,.T.);
#2277=ADVANCED_FACE('',(#121),#24,.T.);
#2278=ADVANCED_FACE('',(#122),#2160,.T.);
#2279=ADVANCED_FACE('',(#123),#2161,.T.);
#2280=ADVANCED_FACE('',(#124),#2162,.F.);
#2281=ADVANCED_FACE('',(#125),#25,.T.);
#2282=ADVANCED_FACE('',(#126),#2163,.T.);
#2283=ADVANCED_FACE('',(#127),#2164,.T.);
#2284=ADVANCED_FACE('',(#128),#2165,.T.);
#2285=ADVANCED_FACE('',(#129),#2166,.T.);
#2286=ADVANCED_FACE('',(#130),#2167,.T.);
#2287=ADVANCED_FACE('',(#131),#2168,.T.);
#2288=ADVANCED_FACE('',(#132),#2169,.T.);
#2289=ADVANCED_FACE('',(#133),#2170,.F.);
#2290=ADVANCED_FACE('',(#134),#2171,.T.);
#2291=ADVANCED_FACE('',(#135),#2172,.T.);
#2292=ADVANCED_FACE('',(#136),#2173,.T.);
#2293=ADVANCED_FACE('',(#137),#2174,.T.);
#2294=ADVANCED_FACE('',(#138),#2175,.T.);
#2295=ADVANCED_FACE('',(#139),#2176,.F.);
#2296=ADVANCED_FACE('',(#140),#2177,.T.);
#2297=ADVANCED_FACE('',(#141),#2178,.T.);
#2298=ADVANCED_FACE('',(#142),#2179,.T.);
#2299=ADVANCED_FACE('',(#143),#2180,.T.);
#2300=ADVANCED_FACE('',(#144),#2181,.T.);
#2301=ADVANCED_FACE('',(#145),#2182,.F.);
#2302=ADVANCED_FACE('',(#146),#2183,.T.);
#2303=ADVANCED_FACE('',(#147),#2184,.T.);
#2304=ADVANCED_FACE('',(#148),#2185,.T.);
#2305=ADVANCED_FACE('',(#149),#26,.T.);
#2306=ADVANCED_FACE('',(#150),#2186,.T.);
#2307=ADVANCED_FACE('',(#151),#2187,.T.);
#2308=ADVANCED_FACE('',(#152),#2188,.T.);
#2309=ADVANCED_FACE('',(#153),#2189,.T.);
#2310=ADVANCED_FACE('',(#154),#2190,.F.);
#2311=ADVANCED_FACE('',(#155),#27,.T.);
#2312=ADVANCED_FACE('',(#156),#2191,.T.);
#2313=ADVANCED_FACE('',(#157),#2192,.T.);
#2314=ADVANCED_FACE('',(#158),#2193,.T.);
#2315=ADVANCED_FACE('',(#159),#2194,.T.);
#2316=ADVANCED_FACE('',(#160),#2195,.F.);
#2317=ADVANCED_FACE('',(#161),#2196,.T.);
#2318=ADVANCED_FACE('',(#162),#2197,.T.);
#2319=ADVANCED_FACE('',(#163),#28,.T.);
#2320=ADVANCED_FACE('',(#164),#2198,.T.);
#2321=ADVANCED_FACE('',(#165),#2199,.T.);
#2322=ADVANCED_FACE('',(#166),#2200,.F.);
#2323=ADVANCED_FACE('',(#167),#29,.T.);
#2324=ADVANCED_FACE('',(#168),#2201,.T.);
#2325=ADVANCED_FACE('',(#169),#2202,.T.);
#2326=ADVANCED_FACE('',(#170),#2203,.T.);
#2327=ADVANCED_FACE('',(#171),#2204,.T.);
#2328=ADVANCED_FACE('',(#172),#2205,.T.);
#2329=ADVANCED_FACE('',(#173),#2206,.T.);
#2330=ADVANCED_FACE('',(#174),#2207,.T.);
#2331=ADVANCED_FACE('',(#175),#2208,.F.);
#2332=ADVANCED_FACE('',(#176),#2209,.F.);
#2333=ADVANCED_FACE('',(#177),#2210,.F.);
#2334=ADVANCED_FACE('',(#178),#2211,.F.);
#2335=ADVANCED_FACE('',(#179),#2212,.F.);
#2336=ADVANCED_FACE('',(#180),#2213,.F.);
#2337=ADVANCED_FACE('',(#181),#2214,.F.);
#2338=ADVANCED_FACE('',(#182),#2215,.F.);
#2339=ADVANCED_FACE('',(#183),#2216,.F.);
#2340=ADVANCED_FACE('',(#184),#2217,.T.);
#2341=ADVANCED_FACE('',(#185),#2218,.F.);
#2342=ADVANCED_FACE('',(#186),#2219,.F.);
#2343=ADVANCED_FACE('',(#187),#2220,.F.);
#2344=ADVANCED_FACE('',(#188),#2221,.F.);
#2345=ADVANCED_FACE('',(#189),#2222,.F.);
#2346=ADVANCED_FACE('',(#190),#2223,.F.);
#2347=ADVANCED_FACE('',(#191),#2224,.F.);
#2348=ADVANCED_FACE('',(#192),#2225,.F.);
#2349=ADVANCED_FACE('',(#193),#2226,.F.);
#2350=ADVANCED_FACE('',(#194),#2227,.F.);
#2351=ADVANCED_FACE('',(#195),#2228,.T.);
#2352=ADVANCED_FACE('',(#196),#2229,.F.);
#2353=ADVANCED_FACE('',(#197),#2230,.F.);
#2354=ADVANCED_FACE('',(#198),#2231,.T.);
#2355=ADVANCED_FACE('',(#199),#2232,.T.);
#2356=ADVANCED_FACE('',(#200),#2233,.F.);
#2357=ADVANCED_FACE('',(#201),#2234,.F.);
#2358=ADVANCED_FACE('',(#202),#2235,.T.);
#2359=ADVANCED_FACE('',(#203),#2236,.F.);
#2360=ADVANCED_FACE('',(#204),#2237,.F.);
#2361=ADVANCED_FACE('',(#205),#2238,.F.);
#2362=ADVANCED_FACE('',(#206),#30,.F.);
#2363=ADVANCED_FACE('',(#207),#2239,.F.);
#2364=ADVANCED_FACE('',(#208),#2240,.F.);
#2365=ADVANCED_FACE('',(#209),#31,.F.);
#2366=ADVANCED_FACE('',(#210),#2241,.F.);
#2367=ADVANCED_FACE('',(#211),#2242,.F.);
#2368=ADVANCED_FACE('',(#212),#32,.F.);
#2369=ADVANCED_FACE('',(#213),#2243,.F.);
#2370=ADVANCED_FACE('',(#214),#2244,.F.);
#2371=ADVANCED_FACE('',(#215),#33,.F.);
#2372=ADVANCED_FACE('',(#216),#2245,.F.);
#2373=ADVANCED_FACE('',(#217),#2246,.F.);
#2374=ADVANCED_FACE('',(#218),#2247,.F.);
#2375=ADVANCED_FACE('',(#219),#2248,.F.);
#2376=ADVANCED_FACE('',(#220),#2249,.F.);
#2377=ADVANCED_FACE('',(#221),#2250,.F.);
#2378=ADVANCED_FACE('',(#222),#2251,.F.);
#2379=ADVANCED_FACE('',(#223),#2252,.F.);
#2380=ADVANCED_FACE('',(#224),#2253,.F.);
#2381=ADVANCED_FACE('',(#225),#34,.F.);
#2382=ADVANCED_FACE('',(#226),#2254,.F.);
#2383=ADVANCED_FACE('',(#227),#2255,.F.);
#2384=ADVANCED_FACE('',(#228),#35,.F.);
#2385=ADVANCED_FACE('',(#229),#2256,.F.);
#2386=ADVANCED_FACE('',(#230),#2257,.F.);
#2387=ADVANCED_FACE('',(#231),#36,.F.);
#2388=ADVANCED_FACE('',(#232),#2258,.F.);
#2389=CLOSED_SHELL('',(#2259,#2260,#2261,#2262,#2263,#2264,#2265,#2266,
#2267));
#2390=CLOSED_SHELL('',(#2268,#2269,#2270,#2271,#2272,#2273));
#2391=CLOSED_SHELL('',(#2274,#2275,#2276,#2277,#2278,#2279));
#2392=CLOSED_SHELL('',(#2280,#2281,#2282,#2283,#2284,#2285,#2286,#2287,
#2288));
#2393=CLOSED_SHELL('',(#2289,#2290,#2291,#2292,#2293,#2294));
#2394=CLOSED_SHELL('',(#2295,#2296,#2297,#2298,#2299,#2300));
#2395=CLOSED_SHELL('',(#2301,#2302,#2303,#2304,#2305,#2306,#2307,#2308,
#2309));
#2396=CLOSED_SHELL('',(#2310,#2311,#2312,#2313,#2314,#2315));
#2397=CLOSED_SHELL('',(#2316,#2317,#2318,#2319,#2320,#2321));
#2398=CLOSED_SHELL('',(#2322,#2323,#2324,#2325,#2326,#2327,#2328,#2329,
#2330));
#2399=CLOSED_SHELL('',(#2331,#2332,#2333,#2334,#2335,#2336,#2337,#2338,
#2339,#2340,#2341,#2342,#2343,#2344,#2345,#2346,#2347,#2348,#2349,#2350,
#2351,#2352,#2353,#2354,#2355,#2356,#2357,#2358,#2359,#2360,#2361,#2362,
#2363,#2364,#2365,#2366,#2367,#2368,#2369,#2370,#2371,#2372,#2373,#2374,
#2375,#2376,#2377,#2378,#2379,#2380,#2381,#2382,#2383,#2384,#2385,#2386,
#2387,#2388));
#2400=DERIVED_UNIT_ELEMENT(#2404,1.);
#2401=DERIVED_UNIT_ELEMENT(#3892,-3.);
#2402=DERIVED_UNIT_ELEMENT(#2404,1.);
#2403=DERIVED_UNIT_ELEMENT(#3892,-3.);
#2404=(
MASS_UNIT()
NAMED_UNIT(*)
SI_UNIT(.KILO.,.GRAM.)
);
#2405=DERIVED_UNIT((#2400,#2401));
#2406=DERIVED_UNIT((#2402,#2403));
#2407=MEASURE_REPRESENTATION_ITEM('density measure',
POSITIVE_RATIO_MEASURE(7850.),#2405);
#2408=MEASURE_REPRESENTATION_ITEM('density measure',
POSITIVE_RATIO_MEASURE(7850.),#2406);
#2409=PROPERTY_DEFINITION_REPRESENTATION(#2419,#2413);
#2410=PROPERTY_DEFINITION_REPRESENTATION(#2420,#2414);
#2411=PROPERTY_DEFINITION_REPRESENTATION(#2421,#2415);
#2412=PROPERTY_DEFINITION_REPRESENTATION(#2422,#2416);
#2413=REPRESENTATION('material name',(#2417),#3888);
#2414=REPRESENTATION('density',(#2407),#3888);
#2415=REPRESENTATION('material name',(#2418),#3889);
#2416=REPRESENTATION('density',(#2408),#3889);
#2417=DESCRIPTIVE_REPRESENTATION_ITEM('Steel','Steel');
#2418=DESCRIPTIVE_REPRESENTATION_ITEM('Steel','Steel');
#2419=PROPERTY_DEFINITION('material property','material name',#3908);
#2420=PROPERTY_DEFINITION('material property','density of part',#3908);
#2421=PROPERTY_DEFINITION('material property','material name',#3909);
#2422=PROPERTY_DEFINITION('material property','density of part',#3909);
#2423=AXIS2_PLACEMENT_3D('',#3208,#2586,#2587);
#2424=AXIS2_PLACEMENT_3D('',#3209,#2588,#2589);
#2425=AXIS2_PLACEMENT_3D('',#3210,#2590,#2591);
#2426=AXIS2_PLACEMENT_3D('',#3225,#2599,#2600);
#2427=AXIS2_PLACEMENT_3D('',#3231,#2604,#2605);
#2428=AXIS2_PLACEMENT_3D('',#3235,#2608,#2609);
#2429=AXIS2_PLACEMENT_3D('',#3239,#2612,#2613);
#2430=AXIS2_PLACEMENT_3D('',#3243,#2616,#2617);
#2431=AXIS2_PLACEMENT_3D('',#3247,#2620,#2621);
#2432=AXIS2_PLACEMENT_3D('',#3251,#2624,#2625);
#2433=AXIS2_PLACEMENT_3D('',#3253,#2627,#2628);
#2434=AXIS2_PLACEMENT_3D('',#3254,#2629,#2630);
#2435=AXIS2_PLACEMENT_3D('',#3257,#2631,#2632);
#2436=AXIS2_PLACEMENT_3D('',#3263,#2636,#2637);
#2437=AXIS2_PLACEMENT_3D('',#3267,#2639,#2640);
#2438=AXIS2_PLACEMENT_3D('',#3269,#2642,#2643);
#2439=AXIS2_PLACEMENT_3D('',#3273,#2646,#2647);
#2440=AXIS2_PLACEMENT_3D('',#3277,#2650,#2651);
#2441=AXIS2_PLACEMENT_3D('',#3279,#2653,#2654);
#2442=AXIS2_PLACEMENT_3D('',#3280,#2655,#2656);
#2443=AXIS2_PLACEMENT_3D('',#3287,#2659,#2660);
#2444=AXIS2_PLACEMENT_3D('',#3289,#2662,#2663);
#2445=AXIS2_PLACEMENT_3D('',#3295,#2667,#2668);
#2446=AXIS2_PLACEMENT_3D('',#3299,#2671,#2672);
#2447=AXIS2_PLACEMENT_3D('',#3301,#2673,#2674);
#2448=AXIS2_PLACEMENT_3D('',#3303,#2676,#2677);
#2449=AXIS2_PLACEMENT_3D('',#3305,#2679,#2680);
#2450=AXIS2_PLACEMENT_3D('',#3306,#2681,#2682);
#2451=AXIS2_PLACEMENT_3D('',#3309,#2683,#2684);
#2452=AXIS2_PLACEMENT_3D('',#3321,#2691,#2692);
#2453=AXIS2_PLACEMENT_3D('',#3325,#2694,#2695);
#2454=AXIS2_PLACEMENT_3D('',#3327,#2697,#2698);
#2455=AXIS2_PLACEMENT_3D('',#3331,#2701,#2702);
#2456=AXIS2_PLACEMENT_3D('',#3335,#2705,#2706);
#2457=AXIS2_PLACEMENT_3D('',#3339,#2709,#2710);
#2458=AXIS2_PLACEMENT_3D('',#3343,#2713,#2714);
#2459=AXIS2_PLACEMENT_3D('',#3347,#2717,#2718);
#2460=AXIS2_PLACEMENT_3D('',#3349,#2720,#2721);
#2461=AXIS2_PLACEMENT_3D('',#3350,#2722,#2723);
#2462=AXIS2_PLACEMENT_3D('',#3359,#2728,#2729);
#2463=AXIS2_PLACEMENT_3D('',#3365,#2733,#2734);
#2464=AXIS2_PLACEMENT_3D('',#3369,#2737,#2738);
#2465=AXIS2_PLACEMENT_3D('',#3373,#2741,#2742);
#2466=AXIS2_PLACEMENT_3D('',#3375,#2744,#2745);
#2467=AXIS2_PLACEMENT_3D('',#3376,#2746,#2747);
#2468=AXIS2_PLACEMENT_3D('',#3385,#2752,#2753);
#2469=AXIS2_PLACEMENT_3D('',#3391,#2757,#2758);
#2470=AXIS2_PLACEMENT_3D('',#3395,#2761,#2762);
#2471=AXIS2_PLACEMENT_3D('',#3399,#2765,#2766);
#2472=AXIS2_PLACEMENT_3D('',#3401,#2768,#2769);
#2473=AXIS2_PLACEMENT_3D('',#3402,#2770,#2771);
#2474=AXIS2_PLACEMENT_3D('',#3411,#2775,#2776);
#2475=AXIS2_PLACEMENT_3D('',#3417,#2780,#2781);
#2476=AXIS2_PLACEMENT_3D('',#3423,#2785,#2786);
#2477=AXIS2_PLACEMENT_3D('',#3427,#2789,#2790);
#2478=AXIS2_PLACEMENT_3D('',#3431,#2793,#2794);
#2479=AXIS2_PLACEMENT_3D('',#3433,#2795,#2796);
#2480=AXIS2_PLACEMENT_3D('',#3435,#2798,#2799);
#2481=AXIS2_PLACEMENT_3D('',#3439,#2802,#2803);
#2482=AXIS2_PLACEMENT_3D('',#3443,#2806,#2807);
#2483=AXIS2_PLACEMENT_3D('',#3445,#2809,#2810);
#2484=AXIS2_PLACEMENT_3D('',#3446,#2811,#2812);
#2485=AXIS2_PLACEMENT_3D('',#3449,#2813,#2814);
#2486=AXIS2_PLACEMENT_3D('',#3455,#2818,#2819);
#2487=AXIS2_PLACEMENT_3D('',#3459,#2821,#2822);
#2488=AXIS2_PLACEMENT_3D('',#3461,#2824,#2825);
#2489=AXIS2_PLACEMENT_3D('',#3465,#2828,#2829);
#2490=AXIS2_PLACEMENT_3D('',#3469,#2832,#2833);
#2491=AXIS2_PLACEMENT_3D('',#3471,#2835,#2836);
#2492=AXIS2_PLACEMENT_3D('',#3472,#2837,#2838);
#2493=AXIS2_PLACEMENT_3D('',#3479,#2841,#2842);
#2494=AXIS2_PLACEMENT_3D('',#3481,#2844,#2845);
#2495=AXIS2_PLACEMENT_3D('',#3487,#2849,#2850);
#2496=AXIS2_PLACEMENT_3D('',#3491,#2853,#2854);
#2497=AXIS2_PLACEMENT_3D('',#3493,#2855,#2856);
#2498=AXIS2_PLACEMENT_3D('',#3495,#2858,#2859);
#2499=AXIS2_PLACEMENT_3D('',#3497,#2861,#2862);
#2500=AXIS2_PLACEMENT_3D('',#3498,#2863,#2864);
#2501=AXIS2_PLACEMENT_3D('',#3501,#2865,#2866);
#2502=AXIS2_PLACEMENT_3D('',#3513,#2873,#2874);
#2503=AXIS2_PLACEMENT_3D('',#3517,#2876,#2877);
#2504=AXIS2_PLACEMENT_3D('',#3519,#2879,#2880);
#2505=AXIS2_PLACEMENT_3D('',#3523,#2883,#2884);
#2506=AXIS2_PLACEMENT_3D('',#3527,#2887,#2888);
#2507=AXIS2_PLACEMENT_3D('',#3531,#2891,#2892);
#2508=AXIS2_PLACEMENT_3D('',#3535,#2895,#2896);
#2509=AXIS2_PLACEMENT_3D('',#3539,#2899,#2900);
#2510=AXIS2_PLACEMENT_3D('',#3541,#2902,#2903);
#2511=AXIS2_PLACEMENT_3D('',#3542,#2904,#2905);
#2512=AXIS2_PLACEMENT_3D('',#3543,#2906,#2907);
#2513=AXIS2_PLACEMENT_3D('',#3552,#2912,#2913);
#2514=AXIS2_PLACEMENT_3D('',#3569,#2921,#2922);
#2515=AXIS2_PLACEMENT_3D('',#3577,#2926,#2927);
#2516=AXIS2_PLACEMENT_3D('',#3585,#2931,#2932);
#2517=AXIS2_PLACEMENT_3D('',#3589,#2935,#2936);
#2518=AXIS2_PLACEMENT_3D('',#3598,#2941,#2942);
#2519=AXIS2_PLACEMENT_3D('',#3607,#2947,#2948);
#2520=AXIS2_PLACEMENT_3D('',#3616,#2952,#2953);
#2521=AXIS2_PLACEMENT_3D('',#3624,#2957,#2958);
#2522=AXIS2_PLACEMENT_3D('',#3632,#2962,#2963);
#2523=AXIS2_PLACEMENT_3D('',#3640,#2967,#2968);
#2524=AXIS2_PLACEMENT_3D('',#3644,#2971,#2972);
#2525=AXIS2_PLACEMENT_3D('',#3653,#2977,#2978);
#2526=AXIS2_PLACEMENT_3D('',#3662,#2983,#2984);
#2527=AXIS2_PLACEMENT_3D('',#3668,#2988,#2989);
#2528=AXIS2_PLACEMENT_3D('',#3672,#2992,#2993);
#2529=AXIS2_PLACEMENT_3D('',#3696,#3008,#3009);
#2530=AXIS2_PLACEMENT_3D('',#3706,#3014,#3015);
#2531=AXIS2_PLACEMENT_3D('',#3708,#3017,#3018);
#2532=AXIS2_PLACEMENT_3D('',#3717,#3023,#3024);
#2533=AXIS2_PLACEMENT_3D('',#3726,#3029,#3030);
#2534=AXIS2_PLACEMENT_3D('',#3733,#3033,#3034);
#2535=AXIS2_PLACEMENT_3D('',#3741,#3039,#3040);
#2536=AXIS2_PLACEMENT_3D('',#3748,#3043,#3044);
#2537=AXIS2_PLACEMENT_3D('',#3750,#3046,#3047);
#2538=AXIS2_PLACEMENT_3D('',#3757,#3050,#3051);
#2539=AXIS2_PLACEMENT_3D('',#3759,#3053,#3054);
#2540=AXIS2_PLACEMENT_3D('',#3766,#3057,#3058);
#2541=AXIS2_PLACEMENT_3D('',#3774,#3063,#3064);
#2542=AXIS2_PLACEMENT_3D('',#3782,#3069,#3070);
#2543=AXIS2_PLACEMENT_3D('',#3786,#3072,#3073);
#2544=AXIS2_PLACEMENT_3D('',#3788,#3075,#3076);
#2545=AXIS2_PLACEMENT_3D('',#3792,#3078,#3079);
#2546=AXIS2_PLACEMENT_3D('',#3794,#3081,#3082);
#2547=AXIS2_PLACEMENT_3D('',#3806,#3093,#3094);
#2548=AXIS2_PLACEMENT_3D('',#3808,#3096,#3097);
#2549=AXIS2_PLACEMENT_3D('',#3809,#3098,#3099);
#2550=AXIS2_PLACEMENT_3D('',#3813,#3102,#3103);
#2551=AXIS2_PLACEMENT_3D('',#3822,#3112,#3113);
#2552=AXIS2_PLACEMENT_3D('',#3824,#3115,#3116);
#2553=AXIS2_PLACEMENT_3D('',#3826,#3118,#3119);
#2554=AXIS2_PLACEMENT_3D('',#3834,#3127,#3128);
#2555=AXIS2_PLACEMENT_3D('',#3836,#3130,#3131);
#2556=AXIS2_PLACEMENT_3D('',#3837,#3132,#3133);
#2557=AXIS2_PLACEMENT_3D('',#3839,#3135,#3136);
#2558=AXIS2_PLACEMENT_3D('',#3841,#3138,#3139);
#2559=AXIS2_PLACEMENT_3D('',#3842,#3140,#3141);
#2560=AXIS2_PLACEMENT_3D('',#3844,#3143,#3144);
#2561=AXIS2_PLACEMENT_3D('',#3846,#3146,#3147);
#2562=AXIS2_PLACEMENT_3D('',#3847,#3148,#3149);
#2563=AXIS2_PLACEMENT_3D('',#3849,#3151,#3152);
#2564=AXIS2_PLACEMENT_3D('',#3851,#3154,#3155);
#2565=AXIS2_PLACEMENT_3D('',#3852,#3156,#3157);
#2566=AXIS2_PLACEMENT_3D('',#3854,#3159,#3160);
#2567=AXIS2_PLACEMENT_3D('',#3856,#3162,#3163);
#2568=AXIS2_PLACEMENT_3D('',#3857,#3164,#3165);
#2569=AXIS2_PLACEMENT_3D('',#3859,#3167,#3168);
#2570=AXIS2_PLACEMENT_3D('',#3861,#3170,#3171);
#2571=AXIS2_PLACEMENT_3D('',#3862,#3172,#3173);
#2572=AXIS2_PLACEMENT_3D('',#3863,#3174,#3175);
#2573=AXIS2_PLACEMENT_3D('',#3864,#3176,#3177);
#2574=AXIS2_PLACEMENT_3D('',#3865,#3178,#3179);
#2575=AXIS2_PLACEMENT_3D('',#3866,#3180,#3181);
#2576=AXIS2_PLACEMENT_3D('',#3868,#3183,#3184);
#2577=AXIS2_PLACEMENT_3D('',#3870,#3186,#3187);
#2578=AXIS2_PLACEMENT_3D('',#3871,#3188,#3189);
#2579=AXIS2_PLACEMENT_3D('',#3873,#3191,#3192);
#2580=AXIS2_PLACEMENT_3D('',#3875,#3194,#3195);
#2581=AXIS2_PLACEMENT_3D('',#3876,#3196,#3197);
#2582=AXIS2_PLACEMENT_3D('',#3878,#3199,#3200);
#2583=AXIS2_PLACEMENT_3D('',#3880,#3202,#3203);
#2584=AXIS2_PLACEMENT_3D('',#3881,#3204,#3205);
#2585=AXIS2_PLACEMENT_3D('',#3882,#3206,#3207);
#2586=DIRECTION('axis',(0.,0.,1.));
#2587=DIRECTION('refdir',(1.,0.,0.));
#2588=DIRECTION('axis',(0.,0.,1.));
#2589=DIRECTION('refdir',(1.,0.,0.));
#2590=DIRECTION('center_axis',(0.,1.,0.));
#2591=DIRECTION('ref_axis',(1.,0.,0.));
#2592=DIRECTION('',(0.,0.,1.));
#2593=DIRECTION('',(-1.,0.,0.));
#2594=DIRECTION('',(0.,0.,-1.));
#2595=DIRECTION('',(0.707106781186547,0.,-0.707106781186547));
#2596=DIRECTION('',(1.,0.,0.));
#2597=DIRECTION('',(0.,0.,1.));
#2598=DIRECTION('',(-1.,0.,0.));
#2599=DIRECTION('center_axis',(-1.,0.,0.));
#2600=DIRECTION('ref_axis',(0.,0.,1.));
#2601=DIRECTION('',(0.,1.,0.));
#2602=DIRECTION('',(0.,0.,1.));
#2603=DIRECTION('',(0.,1.,0.));
#2604=DIRECTION('center_axis',(0.,0.,-1.));
#2605=DIRECTION('ref_axis',(-1.,0.,0.));
#2606=DIRECTION('',(-1.,0.,0.));
#2607=DIRECTION('',(0.,1.,0.));
#2608=DIRECTION('center_axis',(1.,0.,0.));
#2609=DIRECTION('ref_axis',(0.,0.,-1.));
#2610=DIRECTION('',(0.,0.,-1.));
#2611=DIRECTION('',(0.,1.,0.));
#2612=DIRECTION('center_axis',(0.707106781186548,0.,0.707106781186548));
#2613=DIRECTION('ref_axis',(0.707106781186548,0.,-0.707106781186548));
#2614=DIRECTION('',(0.707106781186547,0.,-0.707106781186547));
#2615=DIRECTION('',(0.,1.,0.));
#2616=DIRECTION('center_axis',(0.,0.,1.));
#2617=DIRECTION('ref_axis',(1.,0.,0.));
#2618=DIRECTION('',(1.,0.,0.));
#2619=DIRECTION('',(0.,1.,0.));
#2620=DIRECTION('center_axis',(-1.,0.,0.));
#2621=DIRECTION('ref_axis',(0.,0.,1.));
#2622=DIRECTION('',(0.,0.,1.));
#2623=DIRECTION('',(0.,1.,0.));
#2624=DIRECTION('center_axis',(0.,0.,-1.));
#2625=DIRECTION('ref_axis',(-1.,0.,0.));
#2626=DIRECTION('',(-1.,0.,0.));
#2627=DIRECTION('center_axis',(0.,1.,0.));
#2628=DIRECTION('ref_axis',(1.,0.,0.));
#2629=DIRECTION('center_axis',(0.,1.,0.));
#2630=DIRECTION('ref_axis',(1.,0.,0.));
#2631=DIRECTION('center_axis',(0.,1.,0.));
#2632=DIRECTION('ref_axis',(0.,0.,1.));
#2633=DIRECTION('',(1.,0.,0.));
#2634=DIRECTION('',(0.,0.,1.));
#2635=DIRECTION('',(-1.,0.,0.));
#2636=DIRECTION('center_axis',(0.,1.,0.));
#2637=DIRECTION('ref_axis',(1.,0.,0.));
#2638=DIRECTION('',(0.,1.,0.));
#2639=DIRECTION('center_axis',(0.,1.,0.));
#2640=DIRECTION('ref_axis',(0.,0.,1.));
#2641=DIRECTION('',(0.,1.,0.));
#2642=DIRECTION('center_axis',(0.,0.,1.));
#2643=DIRECTION('ref_axis',(1.,0.,0.));
#2644=DIRECTION('',(1.,0.,0.));
#2645=DIRECTION('',(0.,1.,0.));
#2646=DIRECTION('center_axis',(-1.,0.,0.));
#2647=DIRECTION('ref_axis',(0.,0.,1.));
#2648=DIRECTION('',(0.,0.,1.));
#2649=DIRECTION('',(0.,1.,0.));
#2650=DIRECTION('center_axis',(0.,0.,-1.));
#2651=DIRECTION('ref_axis',(-1.,0.,0.));
#2652=DIRECTION('',(-1.,0.,0.));
#2653=DIRECTION('center_axis',(0.,1.,0.));
#2654=DIRECTION('ref_axis',(1.,0.,0.));
#2655=DIRECTION('center_axis',(0.,1.,0.));
#2656=DIRECTION('ref_axis',(1.,0.,0.));
#2657=DIRECTION('',(0.,0.,1.));
#2658=DIRECTION('',(-1.,0.,0.));
#2659=DIRECTION('center_axis',(0.,1.,0.));
#2660=DIRECTION('ref_axis',(0.,0.,1.));
#2661=DIRECTION('',(1.,0.,0.));
#2662=DIRECTION('center_axis',(-1.,0.,0.));
#2663=DIRECTION('ref_axis',(0.,0.,1.));
#2664=DIRECTION('',(0.,1.,0.));
#2665=DIRECTION('',(0.,0.,1.));
#2666=DIRECTION('',(0.,1.,0.));
#2667=DIRECTION('center_axis',(0.,0.,-1.));
#2668=DIRECTION('ref_axis',(-1.,0.,0.));
#2669=DIRECTION('',(-1.,0.,0.));
#2670=DIRECTION('',(0.,1.,0.));
#2671=DIRECTION('center_axis',(0.,1.,0.));
#2672=DIRECTION('ref_axis',(1.,0.,0.));
#2673=DIRECTION('center_axis',(0.,1.,0.));
#2674=DIRECTION('ref_axis',(0.,0.,1.));
#2675=DIRECTION('',(0.,1.,0.));
#2676=DIRECTION('center_axis',(0.,0.,1.));
#2677=DIRECTION('ref_axis',(1.,0.,0.));
#2678=DIRECTION('',(1.,0.,0.));
#2679=DIRECTION('center_axis',(0.,1.,0.));
#2680=DIRECTION('ref_axis',(1.,0.,0.));
#2681=DIRECTION('center_axis',(0.,1.,0.));
#2682=DIRECTION('ref_axis',(1.,0.,0.));
#2683=DIRECTION('center_axis',(0.,1.,0.));
#2684=DIRECTION('ref_axis',(1.,0.,0.));
#2685=DIRECTION('',(0.,0.,-1.));
#2686=DIRECTION('',(1.,0.,0.));
#2687=DIRECTION('',(0.,0.,1.));
#2688=DIRECTION('',(1.,0.,0.));
#2689=DIRECTION('',(0.,0.,1.));
#2690=DIRECTION('',(-1.,0.,0.));
#2691=DIRECTION('center_axis',(0.,1.,0.));
#2692=DIRECTION('ref_axis',(1.,0.,0.));
#2693=DIRECTION('',(0.,1.,0.));
#2694=DIRECTION('center_axis',(0.,1.,0.));
#2695=DIRECTION('ref_axis',(1.,0.,0.));
#2696=DIRECTION('',(0.,1.,0.));
#2697=DIRECTION('center_axis',(1.,0.,0.));
#2698=DIRECTION('ref_axis',(0.,0.,-1.));
#2699=DIRECTION('',(0.,0.,-1.));
#2700=DIRECTION('',(0.,1.,0.));
#2701=DIRECTION('center_axis',(0.,0.,1.));
#2702=DIRECTION('ref_axis',(1.,0.,0.));
#2703=DIRECTION('',(1.,0.,0.));
#2704=DIRECTION('',(0.,1.,0.));
#2705=DIRECTION('center_axis',(-1.,0.,0.));
#2706=DIRECTION('ref_axis',(0.,0.,1.));
#2707=DIRECTION('',(0.,0.,1.));
#2708=DIRECTION('',(0.,1.,0.));
#2709=DIRECTION('center_axis',(0.,0.,1.));
#2710=DIRECTION('ref_axis',(1.,0.,0.));
#2711=DIRECTION('',(1.,0.,0.));
#2712=DIRECTION('',(0.,1.,0.));
#2713=DIRECTION('center_axis',(-1.,0.,0.));
#2714=DIRECTION('ref_axis',(0.,0.,1.));
#2715=DIRECTION('',(0.,0.,1.));
#2716=DIRECTION('',(0.,1.,0.));
#2717=DIRECTION('center_axis',(0.,0.,-1.));
#2718=DIRECTION('ref_axis',(-1.,0.,0.));
#2719=DIRECTION('',(-1.,0.,0.));
#2720=DIRECTION('center_axis',(0.,1.,0.));
#2721=DIRECTION('ref_axis',(1.,0.,0.));
#2722=DIRECTION('center_axis',(0.,1.,0.));
#2723=DIRECTION('ref_axis',(1.,0.,0.));
#2724=DIRECTION('',(0.,0.,1.));
#2725=DIRECTION('',(-1.,0.,0.));
#2726=DIRECTION('',(0.,0.,-1.));
#2727=DIRECTION('',(1.,0.,0.));
#2728=DIRECTION('center_axis',(-1.,0.,0.));
#2729=DIRECTION('ref_axis',(0.,0.,1.));
#2730=DIRECTION('',(0.,1.,0.));
#2731=DIRECTION('',(0.,0.,1.));
#2732=DIRECTION('',(0.,1.,0.));
#2733=DIRECTION('center_axis',(0.,0.,-1.));
#2734=DIRECTION('ref_axis',(-1.,0.,0.));
#2735=DIRECTION('',(-1.,0.,0.));
#2736=DIRECTION('',(0.,1.,0.));
#2737=DIRECTION('center_axis',(1.,0.,0.));
#2738=DIRECTION('ref_axis',(0.,0.,-1.));
#2739=DIRECTION('',(0.,0.,-1.));
#2740=DIRECTION('',(0.,1.,0.));
#2741=DIRECTION('center_axis',(0.,0.,1.));
#2742=DIRECTION('ref_axis',(1.,0.,0.));
#2743=DIRECTION('',(1.,0.,0.));
#2744=DIRECTION('center_axis',(0.,1.,0.));
#2745=DIRECTION('ref_axis',(1.,0.,0.));
#2746=DIRECTION('center_axis',(0.,1.,0.));
#2747=DIRECTION('ref_axis',(1.,0.,0.));
#2748=DIRECTION('',(0.,0.,1.));
#2749=DIRECTION('',(-1.,0.,0.));
#2750=DIRECTION('',(0.,0.,-1.));
#2751=DIRECTION('',(1.,0.,0.));
#2752=DIRECTION('center_axis',(-1.,0.,0.));
#2753=DIRECTION('ref_axis',(0.,0.,1.));
#2754=DIRECTION('',(0.,1.,0.));
#2755=DIRECTION('',(0.,0.,1.));
#2756=DIRECTION('',(0.,1.,0.));
#2757=DIRECTION('center_axis',(0.,0.,-1.));
#2758=DIRECTION('ref_axis',(-1.,0.,0.));
#2759=DIRECTION('',(-1.,0.,0.));
#2760=DIRECTION('',(0.,1.,0.));
#2761=DIRECTION('center_axis',(1.,0.,0.));
#2762=DIRECTION('ref_axis',(0.,0.,-1.));
#2763=DIRECTION('',(0.,0.,-1.));
#2764=DIRECTION('',(0.,1.,0.));
#2765=DIRECTION('center_axis',(0.,0.,1.));
#2766=DIRECTION('ref_axis',(1.,0.,0.));
#2767=DIRECTION('',(1.,0.,0.));
#2768=DIRECTION('center_axis',(0.,1.,0.));
#2769=DIRECTION('ref_axis',(1.,0.,0.));
#2770=DIRECTION('center_axis',(0.,1.,0.));
#2771=DIRECTION('ref_axis',(1.,0.,0.));
#2772=DIRECTION('',(0.,0.,-1.));
#2773=DIRECTION('',(1.,0.,0.));
#2774=DIRECTION('',(0.,0.,1.));
#2775=DIRECTION('center_axis',(0.,1.,0.));
#2776=DIRECTION('ref_axis',(0.,0.,-1.));
#2777=DIRECTION('',(-1.,0.,0.));
#2778=DIRECTION('',(0.,0.,-1.));
#2779=DIRECTION('',(1.,0.,0.));
#2780=DIRECTION('center_axis',(1.,0.,0.));
#2781=DIRECTION('ref_axis',(0.,0.,-1.));
#2782=DIRECTION('',(0.,1.,0.));
#2783=DIRECTION('',(0.,0.,-1.));
#2784=DIRECTION('',(0.,1.,0.));
#2785=DIRECTION('center_axis',(0.,0.,1.));
#2786=DIRECTION('ref_axis',(1.,0.,0.));
#2787=DIRECTION('',(1.,0.,0.));
#2788=DIRECTION('',(0.,1.,0.));
#2789=DIRECTION('center_axis',(-1.,0.,0.));
#2790=DIRECTION('ref_axis',(0.,0.,1.));
#2791=DIRECTION('',(0.,0.,1.));
#2792=DIRECTION('',(0.,1.,0.));
#2793=DIRECTION('center_axis',(0.,1.,0.));
#2794=DIRECTION('ref_axis',(1.,0.,0.));
#2795=DIRECTION('center_axis',(0.,1.,0.));
#2796=DIRECTION('ref_axis',(0.,0.,-1.));
#2797=DIRECTION('',(0.,1.,0.));
#2798=DIRECTION('center_axis',(0.,0.,-1.));
#2799=DIRECTION('ref_axis',(-1.,0.,0.));
#2800=DIRECTION('',(-1.,0.,0.));
#2801=DIRECTION('',(0.,1.,0.));
#2802=DIRECTION('center_axis',(1.,0.,0.));
#2803=DIRECTION('ref_axis',(0.,0.,-1.));
#2804=DIRECTION('',(0.,0.,-1.));
#2805=DIRECTION('',(0.,1.,0.));
#2806=DIRECTION('center_axis',(0.,0.,1.));
#2807=DIRECTION('ref_axis',(1.,0.,0.));
#2808=DIRECTION('',(1.,0.,0.));
#2809=DIRECTION('center_axis',(0.,1.,0.));
#2810=DIRECTION('ref_axis',(1.,0.,0.));
#2811=DIRECTION('center_axis',(0.,1.,0.));
#2812=DIRECTION('ref_axis',(1.,0.,0.));
#2813=DIRECTION('center_axis',(0.,1.,0.));
#2814=DIRECTION('ref_axis',(0.,0.,-1.));
#2815=DIRECTION('',(-1.,0.,0.));
#2816=DIRECTION('',(0.,0.,-1.));
#2817=DIRECTION('',(1.,0.,0.));
#2818=DIRECTION('center_axis',(0.,1.,0.));
#2819=DIRECTION('ref_axis',(-1.,0.,-1.22464679914735E-16));
#2820=DIRECTION('',(0.,1.,0.));
#2821=DIRECTION('center_axis',(0.,1.,0.));
#2822=DIRECTION('ref_axis',(0.,0.,-1.));
#2823=DIRECTION('',(0.,1.,0.));
#2824=DIRECTION('center_axis',(0.,0.,-1.));
#2825=DIRECTION('ref_axis',(-1.,0.,0.));
#2826=DIRECTION('',(-1.,0.,0.));
#2827=DIRECTION('',(0.,1.,0.));
#2828=DIRECTION('center_axis',(1.,0.,0.));
#2829=DIRECTION('ref_axis',(0.,0.,-1.));
#2830=DIRECTION('',(0.,0.,-1.));
#2831=DIRECTION('',(0.,1.,0.));
#2832=DIRECTION('center_axis',(0.,0.,1.));
#2833=DIRECTION('ref_axis',(1.,0.,0.));
#2834=DIRECTION('',(1.,0.,0.));
#2835=DIRECTION('center_axis',(0.,1.,0.));
#2836=DIRECTION('ref_axis',(1.,0.,0.));
#2837=DIRECTION('center_axis',(0.,1.,0.));
#2838=DIRECTION('ref_axis',(1.,0.,0.));
#2839=DIRECTION('',(0.,0.,-1.));
#2840=DIRECTION('',(1.,0.,0.));
#2841=DIRECTION('center_axis',(0.,1.,0.));
#2842=DIRECTION('ref_axis',(0.,0.,-1.));
#2843=DIRECTION('',(-1.,0.,0.));
#2844=DIRECTION('center_axis',(1.,0.,0.));
#2845=DIRECTION('ref_axis',(0.,0.,-1.));
#2846=DIRECTION('',(0.,1.,0.));
#2847=DIRECTION('',(0.,0.,-1.));
#2848=DIRECTION('',(0.,1.,0.));
#2849=DIRECTION('center_axis',(0.,0.,1.));
#2850=DIRECTION('ref_axis',(1.,0.,0.));
#2851=DIRECTION('',(1.,0.,0.));
#2852=DIRECTION('',(0.,1.,0.));
#2853=DIRECTION('center_axis',(0.,1.,0.));
#2854=DIRECTION('ref_axis',(-1.,0.,-1.22464679914735E-16));
#2855=DIRECTION('center_axis',(0.,1.,0.));
#2856=DIRECTION('ref_axis',(0.,0.,-1.));
#2857=DIRECTION('',(0.,1.,0.));
#2858=DIRECTION('center_axis',(0.,0.,-1.));
#2859=DIRECTION('ref_axis',(-1.,0.,0.));
#2860=DIRECTION('',(-1.,0.,0.));
#2861=DIRECTION('center_axis',(0.,1.,0.));
#2862=DIRECTION('ref_axis',(1.,0.,0.));
#2863=DIRECTION('center_axis',(0.,1.,0.));
#2864=DIRECTION('ref_axis',(1.,0.,0.));
#2865=DIRECTION('center_axis',(0.,1.,0.));
#2866=DIRECTION('ref_axis',(-1.,0.,0.));
#2867=DIRECTION('',(0.,0.,1.));
#2868=DIRECTION('',(-1.,0.,0.));
#2869=DIRECTION('',(0.,0.,-1.));
#2870=DIRECTION('',(-1.,0.,0.));
#2871=DIRECTION('',(0.,0.,-1.));
#2872=DIRECTION('',(1.,0.,0.));
#2873=DIRECTION('center_axis',(0.,1.,0.));
#2874=DIRECTION('ref_axis',(1.,0.,0.));
#2875=DIRECTION('',(0.,1.,0.));
#2876=DIRECTION('center_axis',(0.,1.,0.));
#2877=DIRECTION('ref_axis',(-1.,0.,0.));
#2878=DIRECTION('',(0.,1.,0.));
#2879=DIRECTION('center_axis',(-1.,0.,0.));
#2880=DIRECTION('ref_axis',(0.,0.,1.));
#2881=DIRECTION('',(0.,0.,1.));
#2882=DIRECTION('',(0.,1.,0.));
#2883=DIRECTION('center_axis',(0.,0.,-1.));
#2884=DIRECTION('ref_axis',(-1.,0.,0.));
#2885=DIRECTION('',(-1.,0.,0.));
#2886=DIRECTION('',(0.,1.,0.));
#2887=DIRECTION('center_axis',(1.,0.,0.));
#2888=DIRECTION('ref_axis',(0.,0.,-1.));
#2889=DIRECTION('',(0.,0.,-1.));
#2890=DIRECTION('',(0.,1.,0.));
#2891=DIRECTION('center_axis',(0.,0.,-1.));
#2892=DIRECTION('ref_axis',(-1.,0.,0.));
#2893=DIRECTION('',(-1.,0.,0.));
#2894=DIRECTION('',(0.,1.,0.));
#2895=DIRECTION('center_axis',(1.,0.,0.));
#2896=DIRECTION('ref_axis',(0.,0.,-1.));
#2897=DIRECTION('',(0.,0.,-1.));
#2898=DIRECTION('',(0.,1.,0.));
#2899=DIRECTION('center_axis',(0.,0.,1.));
#2900=DIRECTION('ref_axis',(1.,0.,0.));
#2901=DIRECTION('',(1.,0.,0.));
#2902=DIRECTION('center_axis',(0.,1.,0.));
#2903=DIRECTION('ref_axis',(1.,0.,0.));
#2904=DIRECTION('axis',(0.,0.,1.));
#2905=DIRECTION('refdir',(1.,0.,0.));
#2906=DIRECTION('center_axis',(0.,1.,0.));
#2907=DIRECTION('ref_axis',(1.,0.,0.));
#2908=DIRECTION('',(0.,0.,1.));
#2909=DIRECTION('',(1.,0.,0.));
#2910=DIRECTION('',(0.,0.,1.));
#2911=DIRECTION('',(-1.,0.,0.));
#2912=DIRECTION('center_axis',(0.,1.,0.));
#2913=DIRECTION('ref_axis',(1.,0.,0.));
#2914=DIRECTION('',(1.,0.,0.));
#2915=DIRECTION('',(0.707106781186547,0.,-0.707106781186547));
#2916=DIRECTION('',(0.,0.,1.));
#2917=DIRECTION('',(-1.,0.,0.));
#2918=DIRECTION('',(0.,0.,-1.));
#2919=DIRECTION('',(1.,0.,0.));
#2920=DIRECTION('',(0.,0.,-1.));
#2921=DIRECTION('center_axis',(0.,1.,0.));
#2922=DIRECTION('ref_axis',(1.,0.,0.));
#2923=DIRECTION('',(1.,0.,0.));
#2924=DIRECTION('',(0.,0.,1.));
#2925=DIRECTION('',(1.,0.,0.));
#2926=DIRECTION('center_axis',(0.,1.,0.));
#2927=DIRECTION('ref_axis',(0.,0.,1.));
#2928=DIRECTION('',(1.,0.,0.));
#2929=DIRECTION('',(0.,0.,1.));
#2930=DIRECTION('',(1.,0.,0.));
#2931=DIRECTION('center_axis',(0.,1.,0.));
#2932=DIRECTION('ref_axis',(0.,0.,1.));
#2933=DIRECTION('',(1.,0.,0.));
#2934=DIRECTION('',(0.,0.,1.));
#2935=DIRECTION('center_axis',(0.,1.,0.));
#2936=DIRECTION('ref_axis',(1.,0.,0.));
#2937=DIRECTION('',(1.,0.,0.));
#2938=DIRECTION('',(0.,0.,-1.));
#2939=DIRECTION('',(1.,0.,0.));
#2940=DIRECTION('',(0.,0.,1.));
#2941=DIRECTION('center_axis',(0.,1.,0.));
#2942=DIRECTION('ref_axis',(1.,0.,0.));
#2943=DIRECTION('',(0.,0.,-1.));
#2944=DIRECTION('',(-1.,0.,0.));
#2945=DIRECTION('',(0.,0.,-1.));
#2946=DIRECTION('',(1.,0.,0.));
#2947=DIRECTION('center_axis',(0.,1.,0.));
#2948=DIRECTION('ref_axis',(1.,0.,0.));
#2949=DIRECTION('',(0.,0.,-1.));
#2950=DIRECTION('',(-1.,0.,0.));
#2951=DIRECTION('',(0.,0.,1.));
#2952=DIRECTION('center_axis',(0.,1.,0.));
#2953=DIRECTION('ref_axis',(-1.,0.,0.));
#2954=DIRECTION('',(-1.,0.,0.));
#2955=DIRECTION('',(0.,0.,-1.));
#2956=DIRECTION('',(-1.,0.,0.));
#2957=DIRECTION('center_axis',(0.,1.,0.));
#2958=DIRECTION('ref_axis',(0.,0.,-1.));
#2959=DIRECTION('',(-1.,0.,0.));
#2960=DIRECTION('',(0.,0.,-1.));
#2961=DIRECTION('',(-1.,0.,0.));
#2962=DIRECTION('center_axis',(0.,1.,0.));
#2963=DIRECTION('ref_axis',(0.,0.,-1.));
#2964=DIRECTION('',(-1.,0.,0.));
#2965=DIRECTION('',(0.,0.,-1.));
#2966=DIRECTION('',(-1.,0.,0.));
#2967=DIRECTION('center_axis',(0.,1.,0.));
#2968=DIRECTION('ref_axis',(0.,0.,-1.));
#2969=DIRECTION('',(0.,0.,-1.));
#2970=DIRECTION('',(1.,0.,0.));
#2971=DIRECTION('center_axis',(0.,1.,0.));
#2972=DIRECTION('ref_axis',(1.,0.,0.));
#2973=DIRECTION('',(0.,0.,-1.));
#2974=DIRECTION('',(-1.,0.,0.));
#2975=DIRECTION('',(0.,0.,-1.));
#2976=DIRECTION('',(1.,0.,0.));
#2977=DIRECTION('center_axis',(0.,1.,0.));
#2978=DIRECTION('ref_axis',(1.,0.,0.));
#2979=DIRECTION('',(-1.,0.,0.));
#2980=DIRECTION('',(0.,0.,1.));
#2981=DIRECTION('',(-1.,0.,0.));
#2982=DIRECTION('',(0.,0.,-1.));
#2983=DIRECTION('center_axis',(-1.,0.,0.));
#2984=DIRECTION('ref_axis',(0.,0.,1.));
#2985=DIRECTION('',(0.,1.,0.));
#2986=DIRECTION('',(0.,0.,1.));
#2987=DIRECTION('',(0.,1.,0.));
#2988=DIRECTION('center_axis',(0.,0.,-1.));
#2989=DIRECTION('ref_axis',(-1.,0.,0.));
#2990=DIRECTION('',(-1.,0.,0.));
#2991=DIRECTION('',(0.,1.,0.));
#2992=DIRECTION('center_axis',(-1.,0.,0.));
#2993=DIRECTION('ref_axis',(0.,0.,1.));
#2994=DIRECTION('',(0.,0.,1.));
#2995=DIRECTION('',(0.,1.,0.));
#2996=DIRECTION('',(0.,1.,0.));
#2997=DIRECTION('',(0.,0.,1.));
#2998=DIRECTION('',(0.,1.,0.));
#2999=DIRECTION('',(0.,1.,0.));
#3000=DIRECTION('',(0.,0.,1.));
#3001=DIRECTION('',(0.,1.,0.));
#3002=DIRECTION('',(0.,1.,0.));
#3003=DIRECTION('',(0.,0.,1.));
#3004=DIRECTION('',(0.,1.,0.));
#3005=DIRECTION('',(0.,1.,0.));
#3006=DIRECTION('',(0.,0.,1.));
#3007=DIRECTION('',(0.,1.,0.));
#3008=DIRECTION('center_axis',(0.,1.,0.));
#3009=DIRECTION('ref_axis',(1.,0.,0.));
#3010=DIRECTION('',(1.,0.,0.));
#3011=DIRECTION('',(0.,0.,1.));
#3012=DIRECTION('',(1.,0.,0.));
#3013=DIRECTION('',(-1.,0.,0.));
#3014=DIRECTION('center_axis',(0.,1.,0.));
#3015=DIRECTION('ref_axis',(1.,0.,0.));
#3016=DIRECTION('',(0.,0.,-1.));
#3017=DIRECTION('center_axis',(0.,1.,0.));
#3018=DIRECTION('ref_axis',(1.,0.,0.));
#3019=DIRECTION('',(1.,0.,0.));
#3020=DIRECTION('',(0.,0.,1.));
#3021=DIRECTION('',(-1.,0.,0.));
#3022=DIRECTION('',(0.,0.,-1.));
#3023=DIRECTION('center_axis',(0.,1.,0.));
#3024=DIRECTION('ref_axis',(1.,0.,0.));
#3025=DIRECTION('',(1.,0.,0.));
#3026=DIRECTION('',(0.,0.,1.));
#3027=DIRECTION('',(-1.,0.,0.));
#3028=DIRECTION('',(0.,0.,-1.));
#3029=DIRECTION('center_axis',(0.,1.,0.));
#3030=DIRECTION('ref_axis',(1.,0.,0.));
#3031=DIRECTION('',(1.,0.,0.));
#3032=DIRECTION('',(0.,0.,1.));
#3033=DIRECTION('center_axis',(0.,1.,0.));
#3034=DIRECTION('ref_axis',(0.,0.,-1.));
#3035=DIRECTION('',(-1.,0.,0.));
#3036=DIRECTION('',(0.,0.,-1.));
#3037=DIRECTION('',(1.,0.,0.));
#3038=DIRECTION('',(0.,0.,-1.));
#3039=DIRECTION('center_axis',(0.,1.,0.));
#3040=DIRECTION('ref_axis',(1.,0.,0.));
#3041=DIRECTION('',(0.,0.,-1.));
#3042=DIRECTION('',(1.,0.,0.));
#3043=DIRECTION('center_axis',(0.,1.,0.));
#3044=DIRECTION('ref_axis',(0.,0.,-1.));
#3045=DIRECTION('',(-1.,0.,0.));
#3046=DIRECTION('center_axis',(0.,1.,0.));
#3047=DIRECTION('ref_axis',(1.,0.,0.));
#3048=DIRECTION('',(0.,0.,-1.));
#3049=DIRECTION('',(1.,0.,0.));
#3050=DIRECTION('center_axis',(0.,1.,0.));
#3051=DIRECTION('ref_axis',(0.,0.,-1.));
#3052=DIRECTION('',(-1.,0.,0.));
#3053=DIRECTION('center_axis',(0.,1.,0.));
#3054=DIRECTION('ref_axis',(1.,0.,0.));
#3055=DIRECTION('',(0.,0.,-1.));
#3056=DIRECTION('',(1.,0.,0.));
#3057=DIRECTION('center_axis',(0.,1.,0.));
#3058=DIRECTION('ref_axis',(-1.,0.,0.));
#3059=DIRECTION('',(0.,0.,1.));
#3060=DIRECTION('',(-1.,0.,0.));
#3061=DIRECTION('',(0.,0.,-1.));
#3062=DIRECTION('',(-1.,0.,0.));
#3063=DIRECTION('center_axis',(0.,1.,0.));
#3064=DIRECTION('ref_axis',(1.,0.,0.));
#3065=DIRECTION('',(-1.,0.,0.));
#3066=DIRECTION('',(0.,0.,-1.));
#3067=DIRECTION('',(0.707106781186547,0.,-0.707106781186547));
#3068=DIRECTION('',(1.,0.,0.));
#3069=DIRECTION('center_axis',(0.,1.,0.));
#3070=DIRECTION('ref_axis',(1.,0.,0.));
#3071=DIRECTION('',(-1.,0.,0.));
#3072=DIRECTION('center_axis',(0.,1.,0.));
#3073=DIRECTION('ref_axis',(0.,0.,1.));
#3074=DIRECTION('',(1.,0.,0.));
#3075=DIRECTION('center_axis',(0.,1.,0.));
#3076=DIRECTION('ref_axis',(1.,0.,0.));
#3077=DIRECTION('',(-1.,0.,0.));
#3078=DIRECTION('center_axis',(0.,1.,0.));
#3079=DIRECTION('ref_axis',(0.,0.,1.));
#3080=DIRECTION('',(1.,0.,0.));
#3081=DIRECTION('center_axis',(0.,0.,1.));
#3082=DIRECTION('ref_axis',(1.,0.,0.));
#3083=DIRECTION('',(0.,1.,0.));
#3084=DIRECTION('',(0.,1.,0.));
#3085=DIRECTION('',(0.,1.,0.));
#3086=DIRECTION('',(0.,1.,0.));
#3087=DIRECTION('',(0.,1.,0.));
#3088=DIRECTION('',(0.,1.,0.));
#3089=DIRECTION('',(0.,1.,0.));
#3090=DIRECTION('',(0.,1.,0.));
#3091=DIRECTION('',(1.,0.,0.));
#3092=DIRECTION('',(0.,1.,0.));
#3093=DIRECTION('center_axis',(-1.,0.,0.));
#3094=DIRECTION('ref_axis',(0.,0.,1.));
#3095=DIRECTION('',(0.,1.,0.));
#3096=DIRECTION('center_axis',(0.,0.,1.));
#3097=DIRECTION('ref_axis',(1.,0.,0.));
#3098=DIRECTION('center_axis',(0.,1.,0.));
#3099=DIRECTION('ref_axis',(1.,0.,0.));
#3100=DIRECTION('',(0.,0.,-1.));
#3101=DIRECTION('',(-1.,0.,0.));
#3102=DIRECTION('center_axis',(0.,0.,-1.));
#3103=DIRECTION('ref_axis',(-1.,0.,0.));
#3104=DIRECTION('',(0.,1.,0.));
#3105=DIRECTION('',(0.,1.,0.));
#3106=DIRECTION('',(0.,1.,0.));
#3107=DIRECTION('',(0.,1.,0.));
#3108=DIRECTION('',(0.,1.,0.));
#3109=DIRECTION('',(0.,1.,0.));
#3110=DIRECTION('',(0.,1.,0.));
#3111=DIRECTION('',(0.,1.,0.));
#3112=DIRECTION('center_axis',(1.,0.,0.));
#3113=DIRECTION('ref_axis',(0.,0.,-1.));
#3114=DIRECTION('',(0.,1.,0.));
#3115=DIRECTION('center_axis',(0.,0.,-1.));
#3116=DIRECTION('ref_axis',(-1.,0.,0.));
#3117=DIRECTION('',(0.,1.,0.));
#3118=DIRECTION('center_axis',(1.,0.,0.));
#3119=DIRECTION('ref_axis',(0.,0.,-1.));
#3120=DIRECTION('',(0.,1.,0.));
#3121=DIRECTION('',(0.,1.,0.));
#3122=DIRECTION('',(0.,1.,0.));
#3123=DIRECTION('',(0.,1.,0.));
#3124=DIRECTION('',(0.,1.,0.));
#3125=DIRECTION('',(0.,1.,0.));
#3126=DIRECTION('',(0.,1.,0.));
#3127=DIRECTION('center_axis',(0.,0.,1.));
#3128=DIRECTION('ref_axis',(1.,0.,0.));
#3129=DIRECTION('',(0.,1.,0.));
#3130=DIRECTION('center_axis',(1.,0.,0.));
#3131=DIRECTION('ref_axis',(0.,0.,-1.));
#3132=DIRECTION('center_axis',(0.,0.,1.));
#3133=DIRECTION('ref_axis',(1.,0.,0.));
#3134=DIRECTION('',(0.,1.,0.));
#3135=DIRECTION('center_axis',(0.,1.,0.));
#3136=DIRECTION('ref_axis',(1.,0.,0.));
#3137=DIRECTION('',(0.,1.,0.));
#3138=DIRECTION('center_axis',(-1.,0.,0.));
#3139=DIRECTION('ref_axis',(0.,0.,1.));
#3140=DIRECTION('center_axis',(0.,0.,-1.));
#3141=DIRECTION('ref_axis',(-1.,0.,0.));
#3142=DIRECTION('',(0.,1.,0.));
#3143=DIRECTION('center_axis',(0.,1.,0.));
#3144=DIRECTION('ref_axis',(-1.,0.,-1.22464679914735E-16));
#3145=DIRECTION('',(0.,1.,0.));
#3146=DIRECTION('center_axis',(0.,0.,1.));
#3147=DIRECTION('ref_axis',(1.,0.,0.));
#3148=DIRECTION('center_axis',(0.,0.,-1.));
#3149=DIRECTION('ref_axis',(-1.,0.,0.));
#3150=DIRECTION('',(0.,1.,0.));
#3151=DIRECTION('center_axis',(0.,1.,0.));
#3152=DIRECTION('ref_axis',(-1.,0.,-1.22464679914735E-16));
#3153=DIRECTION('',(0.,1.,0.));
#3154=DIRECTION('center_axis',(0.,0.,1.));
#3155=DIRECTION('ref_axis',(1.,0.,0.));
#3156=DIRECTION('center_axis',(0.,0.,-1.));
#3157=DIRECTION('ref_axis',(-1.,0.,0.));
#3158=DIRECTION('',(0.,1.,0.));
#3159=DIRECTION('center_axis',(0.,1.,0.));
#3160=DIRECTION('ref_axis',(1.,0.,0.));
#3161=DIRECTION('',(0.,1.,0.));
#3162=DIRECTION('center_axis',(-1.,0.,0.));
#3163=DIRECTION('ref_axis',(0.,0.,1.));
#3164=DIRECTION('center_axis',(1.,0.,0.));
#3165=DIRECTION('ref_axis',(0.,0.,-1.));
#3166=DIRECTION('',(0.,1.,0.));
#3167=DIRECTION('center_axis',(0.707106781186548,0.,0.707106781186548));
#3168=DIRECTION('ref_axis',(0.707106781186548,0.,-0.707106781186548));
#3169=DIRECTION('',(0.,1.,0.));
#3170=DIRECTION('center_axis',(0.,0.,1.));
#3171=DIRECTION('ref_axis',(1.,0.,0.));
#3172=DIRECTION('center_axis',(-1.,0.,0.));
#3173=DIRECTION('ref_axis',(0.,0.,1.));
#3174=DIRECTION('center_axis',(1.,0.,0.));
#3175=DIRECTION('ref_axis',(0.,0.,-1.));
#3176=DIRECTION('center_axis',(-1.,0.,0.));
#3177=DIRECTION('ref_axis',(0.,0.,1.));
#3178=DIRECTION('center_axis',(1.,0.,0.));
#3179=DIRECTION('ref_axis',(0.,0.,-1.));
#3180=DIRECTION('center_axis',(1.,0.,0.));
#3181=DIRECTION('ref_axis',(0.,0.,-1.));
#3182=DIRECTION('',(0.,1.,0.));
#3183=DIRECTION('center_axis',(0.,1.,0.));
#3184=DIRECTION('ref_axis',(1.,0.,0.));
#3185=DIRECTION('',(0.,1.,0.));
#3186=DIRECTION('center_axis',(0.,0.,-1.));
#3187=DIRECTION('ref_axis',(-1.,0.,0.));
#3188=DIRECTION('center_axis',(0.,0.,1.));
#3189=DIRECTION('ref_axis',(1.,0.,0.));
#3190=DIRECTION('',(0.,1.,0.));
#3191=DIRECTION('center_axis',(0.,1.,0.));
#3192=DIRECTION('ref_axis',(1.,0.,0.));
#3193=DIRECTION('',(0.,1.,0.));
#3194=DIRECTION('center_axis',(0.,0.,-1.));
#3195=DIRECTION('ref_axis',(-1.,0.,0.));
#3196=DIRECTION('center_axis',(0.,0.,1.));
#3197=DIRECTION('ref_axis',(1.,0.,0.));
#3198=DIRECTION('',(0.,1.,0.));
#3199=DIRECTION('center_axis',(0.,1.,0.));
#3200=DIRECTION('ref_axis',(1.,0.,0.));
#3201=DIRECTION('',(0.,1.,0.));
#3202=DIRECTION('center_axis',(0.,0.,-1.));
#3203=DIRECTION('ref_axis',(-1.,0.,0.));
#3204=DIRECTION('',(0.,-1.,0.));
#3205=DIRECTION('',(1.,0.,0.));
#3206=DIRECTION('',(0.,-1.,0.));
#3207=DIRECTION('',(1.,0.,0.));
#3208=CARTESIAN_POINT('',(0.,0.,0.));
#3209=CARTESIAN_POINT('',(0.,0.,0.));
#3210=CARTESIAN_POINT('Origin',(0.,0.,0.));
#3211=CARTESIAN_POINT('',(-0.85,0.,-1.));
#3212=CARTESIAN_POINT('',(-0.85,0.,-0.85));
#3213=CARTESIAN_POINT('',(-0.85,0.,-1.));
#3214=CARTESIAN_POINT('',(-0.6,0.,-1.));
#3215=CARTESIAN_POINT('',(-0.6,0.,-1.));
#3216=CARTESIAN_POINT('',(-0.6,0.,-0.7));
#3217=CARTESIAN_POINT('',(-0.6,0.,-0.7));
#3218=CARTESIAN_POINT('',(-0.75,0.,-0.55));
#3219=CARTESIAN_POINT('',(-0.75,0.,-0.55));
#3220=CARTESIAN_POINT('',(-1.,0.,-0.55));
#3221=CARTESIAN_POINT('',(-1.,0.,-0.55));
#3222=CARTESIAN_POINT('',(-1.,0.,-0.85));
#3223=CARTESIAN_POINT('',(-1.,0.,-0.85));
#3224=CARTESIAN_POINT('',(-0.85,0.,-0.85));
#3225=CARTESIAN_POINT('Origin',(-0.85,0.,-1.));
#3226=CARTESIAN_POINT('',(-0.85,0.1,-0.85));
#3227=CARTESIAN_POINT('',(-0.85,0.,-0.85));
#3228=CARTESIAN_POINT('',(-0.85,0.1,-1.));
#3229=CARTESIAN_POINT('',(-0.85,0.1,-1.));
#3230=CARTESIAN_POINT('',(-0.85,0.,-1.));
#3231=CARTESIAN_POINT('Origin',(-0.6,0.,-1.));
#3232=CARTESIAN_POINT('',(-0.6,0.1,-1.));
#3233=CARTESIAN_POINT('',(-0.6,0.1,-1.));
#3234=CARTESIAN_POINT('',(-0.6,0.,-1.));
#3235=CARTESIAN_POINT('Origin',(-0.6,0.,-0.7));
#3236=CARTESIAN_POINT('',(-0.6,0.1,-0.7));
#3237=CARTESIAN_POINT('',(-0.6,0.1,-0.7));
#3238=CARTESIAN_POINT('',(-0.6,0.,-0.7));
#3239=CARTESIAN_POINT('Origin',(-0.75,0.,-0.55));
#3240=CARTESIAN_POINT('',(-0.75,0.1,-0.55));
#3241=CARTESIAN_POINT('',(-0.75,0.1,-0.55));
#3242=CARTESIAN_POINT('',(-0.75,0.,-0.55));
#3243=CARTESIAN_POINT('Origin',(-1.,0.,-0.55));
#3244=CARTESIAN_POINT('',(-1.,0.1,-0.55));
#3245=CARTESIAN_POINT('',(-1.,0.1,-0.55));
#3246=CARTESIAN_POINT('',(-1.,0.,-0.55));
#3247=CARTESIAN_POINT('Origin',(-1.,0.,-0.85));
#3248=CARTESIAN_POINT('',(-1.,0.1,-0.85));
#3249=CARTESIAN_POINT('',(-1.,0.1,-0.85));
#3250=CARTESIAN_POINT('',(-1.,0.,-0.85));
#3251=CARTESIAN_POINT('Origin',(-0.85,0.,-0.85));
#3252=CARTESIAN_POINT('',(-0.85,0.1,-0.85));
#3253=CARTESIAN_POINT('Origin',(0.,0.1,0.));
#3254=CARTESIAN_POINT('Origin',(0.,0.,0.));
#3255=CARTESIAN_POINT('',(-0.725,0.,-0.1));
#3256=CARTESIAN_POINT('',(-0.725,0.,-0.35));
#3257=CARTESIAN_POINT('Origin',(-0.725,0.,-0.225));
#3258=CARTESIAN_POINT('',(-1.,0.,-0.1));
#3259=CARTESIAN_POINT('',(-1.,0.,-0.1));
#3260=CARTESIAN_POINT('',(-1.,0.,-0.35));
#3261=CARTESIAN_POINT('',(-1.,0.,-0.35));
#3262=CARTESIAN_POINT('',(-0.725,0.,-0.35));
#3263=CARTESIAN_POINT('Origin',(-0.725,0.,-0.225));
#3264=CARTESIAN_POINT('',(-0.725,0.1,-0.35));
#3265=CARTESIAN_POINT('',(-0.725,0.,-0.35));
#3266=CARTESIAN_POINT('',(-0.725,0.1,-0.1));
#3267=CARTESIAN_POINT('Origin',(-0.725,0.1,-0.225));
#3268=CARTESIAN_POINT('',(-0.725,0.,-0.1));
#3269=CARTESIAN_POINT('Origin',(-1.,0.,-0.1));
#3270=CARTESIAN_POINT('',(-1.,0.1,-0.1));
#3271=CARTESIAN_POINT('',(-1.,0.1,-0.1));
#3272=CARTESIAN_POINT('',(-1.,0.,-0.1));
#3273=CARTESIAN_POINT('Origin',(-1.,0.,-0.35));
#3274=CARTESIAN_POINT('',(-1.,0.1,-0.35));
#3275=CARTESIAN_POINT('',(-1.,0.1,-0.35));
#3276=CARTESIAN_POINT('',(-1.,0.,-0.35));
#3277=CARTESIAN_POINT('Origin',(-0.725,0.,-0.35));
#3278=CARTESIAN_POINT('',(-0.725,0.1,-0.35));
#3279=CARTESIAN_POINT('Origin',(0.,0.1,0.));
#3280=CARTESIAN_POINT('Origin',(0.,0.,0.));
#3281=CARTESIAN_POINT('',(-1.,0.,0.1));
#3282=CARTESIAN_POINT('',(-1.,0.,0.35));
#3283=CARTESIAN_POINT('',(-1.,0.,0.1));
#3284=CARTESIAN_POINT('',(-0.725,0.,0.1));
#3285=CARTESIAN_POINT('',(-0.725,0.,0.1));
#3286=CARTESIAN_POINT('',(-0.725,0.,0.35));
#3287=CARTESIAN_POINT('Origin',(-0.725,0.,0.225));
#3288=CARTESIAN_POINT('',(-1.,0.,0.35));
#3289=CARTESIAN_POINT('Origin',(-1.,0.,0.1));
#3290=CARTESIAN_POINT('',(-1.,0.1,0.35));
#3291=CARTESIAN_POINT('',(-1.,0.,0.35));
#3292=CARTESIAN_POINT('',(-1.,0.1,0.1));
#3293=CARTESIAN_POINT('',(-1.,0.1,0.1));
#3294=CARTESIAN_POINT('',(-1.,0.,0.1));
#3295=CARTESIAN_POINT('Origin',(-0.725,0.,0.1));
#3296=CARTESIAN_POINT('',(-0.725,0.1,0.1));
#3297=CARTESIAN_POINT('',(-0.725,0.1,0.1));
#3298=CARTESIAN_POINT('',(-0.725,0.,0.1));
#3299=CARTESIAN_POINT('Origin',(-0.725,0.,0.225));
#3300=CARTESIAN_POINT('',(-0.725,0.1,0.35));
#3301=CARTESIAN_POINT('Origin',(-0.725,0.1,0.225));
#3302=CARTESIAN_POINT('',(-0.725,0.,0.35));
#3303=CARTESIAN_POINT('Origin',(-1.,0.,0.35));
#3304=CARTESIAN_POINT('',(-1.,0.1,0.35));
#3305=CARTESIAN_POINT('Origin',(0.,0.1,0.));
#3306=CARTESIAN_POINT('Origin',(0.,0.,0.));
#3307=CARTESIAN_POINT('',(-0.6,0.,0.65));
#3308=CARTESIAN_POINT('',(-0.7,0.,0.55));
#3309=CARTESIAN_POINT('Origin',(-0.7,0.,0.65));
#3310=CARTESIAN_POINT('',(-0.6,0.,1.));
#3311=CARTESIAN_POINT('',(-0.6,0.,1.));
#3312=CARTESIAN_POINT('',(-0.85,0.,1.));
#3313=CARTESIAN_POINT('',(-0.85,0.,1.));
#3314=CARTESIAN_POINT('',(-0.85,0.,0.85));
#3315=CARTESIAN_POINT('',(-0.85,0.,0.85));
#3316=CARTESIAN_POINT('',(-1.,0.,0.85));
#3317=CARTESIAN_POINT('',(-1.,0.,0.85));
#3318=CARTESIAN_POINT('',(-1.,0.,0.55));
#3319=CARTESIAN_POINT('',(-1.,0.,0.55));
#3320=CARTESIAN_POINT('',(-0.7,0.,0.55));
#3321=CARTESIAN_POINT('Origin',(-0.7,0.,0.65));
#3322=CARTESIAN_POINT('',(-0.7,0.1,0.55));
#3323=CARTESIAN_POINT('',(-0.7,0.,0.55));
#3324=CARTESIAN_POINT('',(-0.6,0.1,0.65));
#3325=CARTESIAN_POINT('Origin',(-0.7,0.1,0.65));
#3326=CARTESIAN_POINT('',(-0.6,0.,0.65));
#3327=CARTESIAN_POINT('Origin',(-0.6,0.,1.));
#3328=CARTESIAN_POINT('',(-0.6,0.1,1.));
#3329=CARTESIAN_POINT('',(-0.6,0.1,1.));
#3330=CARTESIAN_POINT('',(-0.6,0.,1.));
#3331=CARTESIAN_POINT('Origin',(-0.85,0.,1.));
#3332=CARTESIAN_POINT('',(-0.85,0.1,1.));
#3333=CARTESIAN_POINT('',(-0.85,0.1,1.));
#3334=CARTESIAN_POINT('',(-0.85,0.,1.));
#3335=CARTESIAN_POINT('Origin',(-0.85,0.,0.85));
#3336=CARTESIAN_POINT('',(-0.85,0.1,0.85));
#3337=CARTESIAN_POINT('',(-0.85,0.1,0.85));
#3338=CARTESIAN_POINT('',(-0.85,0.,0.85));
#3339=CARTESIAN_POINT('Origin',(-1.,0.,0.85));
#3340=CARTESIAN_POINT('',(-1.,0.1,0.85));
#3341=CARTESIAN_POINT('',(-1.,0.1,0.85));
#3342=CARTESIAN_POINT('',(-1.,0.,0.85));
#3343=CARTESIAN_POINT('Origin',(-1.,0.,0.55));
#3344=CARTESIAN_POINT('',(-1.,0.1,0.55));
#3345=CARTESIAN_POINT('',(-1.,0.1,0.55));
#3346=CARTESIAN_POINT('',(-1.,0.,0.55));
#3347=CARTESIAN_POINT('Origin',(-0.7,0.,0.55));
#3348=CARTESIAN_POINT('',(-0.7,0.1,0.55));
#3349=CARTESIAN_POINT('Origin',(0.,0.1,0.));
#3350=CARTESIAN_POINT('Origin',(0.,0.,0.));
#3351=CARTESIAN_POINT('',(-0.4,0.,-1.));
#3352=CARTESIAN_POINT('',(-0.4,0.,1.));
#3353=CARTESIAN_POINT('',(-0.4,0.,-1.));
#3354=CARTESIAN_POINT('',(-0.1,0.,-1.));
#3355=CARTESIAN_POINT('',(-0.1,0.,-1.));
#3356=CARTESIAN_POINT('',(-0.1,0.,1.));
#3357=CARTESIAN_POINT('',(-0.1,0.,1.));
#3358=CARTESIAN_POINT('',(-0.4,0.,1.));
#3359=CARTESIAN_POINT('Origin',(-0.4,0.,-1.));
#3360=CARTESIAN_POINT('',(-0.4,0.1,1.));
#3361=CARTESIAN_POINT('',(-0.4,0.,1.));
#3362=CARTESIAN_POINT('',(-0.4,0.1,-1.));
#3363=CARTESIAN_POINT('',(-0.4,0.1,-1.));
#3364=CARTESIAN_POINT('',(-0.4,0.,-1.));
#3365=CARTESIAN_POINT('Origin',(-0.1,0.,-1.));
#3366=CARTESIAN_POINT('',(-0.1,0.1,-1.));
#3367=CARTESIAN_POINT('',(-0.1,0.1,-1.));
#3368=CARTESIAN_POINT('',(-0.1,0.,-1.));
#3369=CARTESIAN_POINT('Origin',(-0.1,0.,1.));
#3370=CARTESIAN_POINT('',(-0.1,0.1,1.));
#3371=CARTESIAN_POINT('',(-0.1,0.1,1.));
#3372=CARTESIAN_POINT('',(-0.1,0.,1.));
#3373=CARTESIAN_POINT('Origin',(-0.4,0.,1.));
#3374=CARTESIAN_POINT('',(-0.4,0.1,1.));
#3375=CARTESIAN_POINT('Origin',(0.,0.1,0.));
#3376=CARTESIAN_POINT('Origin',(0.,0.,0.));
#3377=CARTESIAN_POINT('',(0.1,0.,-1.));
#3378=CARTESIAN_POINT('',(0.1,0.,1.));
#3379=CARTESIAN_POINT('',(0.1,0.,-1.));
#3380=CARTESIAN_POINT('',(0.4,0.,-1.));
#3381=CARTESIAN_POINT('',(0.4,0.,-1.));
#3382=CARTESIAN_POINT('',(0.4,0.,1.));
#3383=CARTESIAN_POINT('',(0.4,0.,1.));
#3384=CARTESIAN_POINT('',(0.1,0.,1.));
#3385=CARTESIAN_POINT('Origin',(0.1,0.,-1.));
#3386=CARTESIAN_POINT('',(0.1,0.1,1.));
#3387=CARTESIAN_POINT('',(0.1,0.,1.));
#3388=CARTESIAN_POINT('',(0.1,0.1,-1.));
#3389=CARTESIAN_POINT('',(0.1,0.1,-1.));
#3390=CARTESIAN_POINT('',(0.1,0.,-1.));
#3391=CARTESIAN_POINT('Origin',(0.4,0.,-1.));
#3392=CARTESIAN_POINT('',(0.4,0.1,-1.));
#3393=CARTESIAN_POINT('',(0.4,0.1,-1.));
#3394=CARTESIAN_POINT('',(0.4,0.,-1.));
#3395=CARTESIAN_POINT('Origin',(0.4,0.,1.));
#3396=CARTESIAN_POINT('',(0.4,0.1,1.));
#3397=CARTESIAN_POINT('',(0.4,0.1,1.));
#3398=CARTESIAN_POINT('',(0.4,0.,1.));
#3399=CARTESIAN_POINT('Origin',(0.1,0.,1.));
#3400=CARTESIAN_POINT('',(0.1,0.1,1.));
#3401=CARTESIAN_POINT('Origin',(0.,0.1,0.));
#3402=CARTESIAN_POINT('Origin',(0.,0.,0.));
#3403=CARTESIAN_POINT('',(0.85,0.,1.));
#3404=CARTESIAN_POINT('',(0.85,0.,0.85));
#3405=CARTESIAN_POINT('',(0.85,0.,1.));
#3406=CARTESIAN_POINT('',(0.6,0.,1.));
#3407=CARTESIAN_POINT('',(0.6,0.,1.));
#3408=CARTESIAN_POINT('',(0.6,0.,0.65));
#3409=CARTESIAN_POINT('',(0.6,0.,0.65));
#3410=CARTESIAN_POINT('',(0.7,0.,0.55));
#3411=CARTESIAN_POINT('Origin',(0.7,0.,0.65));
#3412=CARTESIAN_POINT('',(1.,0.,0.55));
#3413=CARTESIAN_POINT('',(1.,0.,0.55));
#3414=CARTESIAN_POINT('',(1.,0.,0.85));
#3415=CARTESIAN_POINT('',(1.,0.,0.85));
#3416=CARTESIAN_POINT('',(0.85,0.,0.85));
#3417=CARTESIAN_POINT('Origin',(0.85,0.,1.));
#3418=CARTESIAN_POINT('',(0.85,0.1,0.85));
#3419=CARTESIAN_POINT('',(0.85,0.,0.85));
#3420=CARTESIAN_POINT('',(0.85,0.1,1.));
#3421=CARTESIAN_POINT('',(0.85,0.1,1.));
#3422=CARTESIAN_POINT('',(0.85,0.,1.));
#3423=CARTESIAN_POINT('Origin',(0.6,0.,1.));
#3424=CARTESIAN_POINT('',(0.6,0.1,1.));
#3425=CARTESIAN_POINT('',(0.6,0.1,1.));
#3426=CARTESIAN_POINT('',(0.6,0.,1.));
#3427=CARTESIAN_POINT('Origin',(0.6,0.,0.65));
#3428=CARTESIAN_POINT('',(0.6,0.1,0.65));
#3429=CARTESIAN_POINT('',(0.6,0.1,0.65));
#3430=CARTESIAN_POINT('',(0.6,0.,0.65));
#3431=CARTESIAN_POINT('Origin',(0.7,0.,0.65));
#3432=CARTESIAN_POINT('',(0.7,0.1,0.55));
#3433=CARTESIAN_POINT('Origin',(0.7,0.1,0.65));
#3434=CARTESIAN_POINT('',(0.7,0.,0.55));
#3435=CARTESIAN_POINT('Origin',(1.,0.,0.55));
#3436=CARTESIAN_POINT('',(1.,0.1,0.55));
#3437=CARTESIAN_POINT('',(1.,0.1,0.55));
#3438=CARTESIAN_POINT('',(1.,0.,0.55));
#3439=CARTESIAN_POINT('Origin',(1.,0.,0.85));
#3440=CARTESIAN_POINT('',(1.,0.1,0.85));
#3441=CARTESIAN_POINT('',(1.,0.1,0.85));
#3442=CARTESIAN_POINT('',(1.,0.,0.85));
#3443=CARTESIAN_POINT('Origin',(0.85,0.,0.85));
#3444=CARTESIAN_POINT('',(0.85,0.1,0.85));
#3445=CARTESIAN_POINT('Origin',(0.,0.1,0.));
#3446=CARTESIAN_POINT('Origin',(0.,0.,0.));
#3447=CARTESIAN_POINT('',(0.725,0.,0.1));
#3448=CARTESIAN_POINT('',(0.725,0.,0.35));
#3449=CARTESIAN_POINT('Origin',(0.725,0.,0.225));
#3450=CARTESIAN_POINT('',(1.,0.,0.1));
#3451=CARTESIAN_POINT('',(1.,0.,0.1));
#3452=CARTESIAN_POINT('',(1.,0.,0.35));
#3453=CARTESIAN_POINT('',(1.,0.,0.35));
#3454=CARTESIAN_POINT('',(0.725,0.,0.35));
#3455=CARTESIAN_POINT('Origin',(0.725,0.,0.225));
#3456=CARTESIAN_POINT('',(0.725,0.1,0.35));
#3457=CARTESIAN_POINT('',(0.725,0.,0.35));
#3458=CARTESIAN_POINT('',(0.725,0.1,0.1));
#3459=CARTESIAN_POINT('Origin',(0.725,0.1,0.225));
#3460=CARTESIAN_POINT('',(0.725,0.,0.1));
#3461=CARTESIAN_POINT('Origin',(1.,0.,0.1));
#3462=CARTESIAN_POINT('',(1.,0.1,0.1));
#3463=CARTESIAN_POINT('',(1.,0.1,0.1));
#3464=CARTESIAN_POINT('',(1.,0.,0.1));
#3465=CARTESIAN_POINT('Origin',(1.,0.,0.35));
#3466=CARTESIAN_POINT('',(1.,0.1,0.35));
#3467=CARTESIAN_POINT('',(1.,0.1,0.35));
#3468=CARTESIAN_POINT('',(1.,0.,0.35));
#3469=CARTESIAN_POINT('Origin',(0.725,0.,0.35));
#3470=CARTESIAN_POINT('',(0.725,0.1,0.35));
#3471=CARTESIAN_POINT('Origin',(0.,0.1,0.));
#3472=CARTESIAN_POINT('Origin',(0.,0.,0.));
#3473=CARTESIAN_POINT('',(1.,0.,-0.1));
#3474=CARTESIAN_POINT('',(1.,0.,-0.35));
#3475=CARTESIAN_POINT('',(1.,0.,-0.1));
#3476=CARTESIAN_POINT('',(0.725,0.,-0.1));
#3477=CARTESIAN_POINT('',(0.725,0.,-0.1));
#3478=CARTESIAN_POINT('',(0.725,0.,-0.35));
#3479=CARTESIAN_POINT('Origin',(0.725,0.,-0.225));
#3480=CARTESIAN_POINT('',(1.,0.,-0.35));
#3481=CARTESIAN_POINT('Origin',(1.,0.,-0.1));
#3482=CARTESIAN_POINT('',(1.,0.1,-0.35));
#3483=CARTESIAN_POINT('',(1.,0.,-0.35));
#3484=CARTESIAN_POINT('',(1.,0.1,-0.1));
#3485=CARTESIAN_POINT('',(1.,0.1,-0.1));
#3486=CARTESIAN_POINT('',(1.,0.,-0.1));
#3487=CARTESIAN_POINT('Origin',(0.725,0.,-0.1));
#3488=CARTESIAN_POINT('',(0.725,0.1,-0.1));
#3489=CARTESIAN_POINT('',(0.725,0.1,-0.1));
#3490=CARTESIAN_POINT('',(0.725,0.,-0.1));
#3491=CARTESIAN_POINT('Origin',(0.725,0.,-0.225));
#3492=CARTESIAN_POINT('',(0.725,0.1,-0.35));
#3493=CARTESIAN_POINT('Origin',(0.725,0.1,-0.225));
#3494=CARTESIAN_POINT('',(0.725,0.,-0.35));
#3495=CARTESIAN_POINT('Origin',(1.,0.,-0.35));
#3496=CARTESIAN_POINT('',(1.,0.1,-0.35));
#3497=CARTESIAN_POINT('Origin',(0.,0.1,0.));
#3498=CARTESIAN_POINT('Origin',(0.,0.,0.));
#3499=CARTESIAN_POINT('',(0.6,0.,-0.65));
#3500=CARTESIAN_POINT('',(0.7,0.,-0.55));
#3501=CARTESIAN_POINT('Origin',(0.7,0.,-0.65));
#3502=CARTESIAN_POINT('',(0.6,0.,-1.));
#3503=CARTESIAN_POINT('',(0.6,0.,-1.));
#3504=CARTESIAN_POINT('',(0.85,0.,-1.));
#3505=CARTESIAN_POINT('',(0.85,0.,-1.));
#3506=CARTESIAN_POINT('',(0.85,0.,-0.85));
#3507=CARTESIAN_POINT('',(0.85,0.,-0.85));
#3508=CARTESIAN_POINT('',(1.,0.,-0.85));
#3509=CARTESIAN_POINT('',(1.,0.,-0.85));
#3510=CARTESIAN_POINT('',(1.,0.,-0.55));
#3511=CARTESIAN_POINT('',(1.,0.,-0.55));
#3512=CARTESIAN_POINT('',(0.7,0.,-0.55));
#3513=CARTESIAN_POINT('Origin',(0.7,0.,-0.65));
#3514=CARTESIAN_POINT('',(0.7,0.1,-0.55));
#3515=CARTESIAN_POINT('',(0.7,0.,-0.55));
#3516=CARTESIAN_POINT('',(0.6,0.1,-0.65));
#3517=CARTESIAN_POINT('Origin',(0.7,0.1,-0.65));
#3518=CARTESIAN_POINT('',(0.6,0.,-0.65));
#3519=CARTESIAN_POINT('Origin',(0.6,0.,-1.));
#3520=CARTESIAN_POINT('',(0.6,0.1,-1.));
#3521=CARTESIAN_POINT('',(0.6,0.1,-1.));
#3522=CARTESIAN_POINT('',(0.6,0.,-1.));
#3523=CARTESIAN_POINT('Origin',(0.85,0.,-1.));
#3524=CARTESIAN_POINT('',(0.85,0.1,-1.));
#3525=CARTESIAN_POINT('',(0.85,0.1,-1.));
#3526=CARTESIAN_POINT('',(0.85,0.,-1.));
#3527=CARTESIAN_POINT('Origin',(0.85,0.,-0.85));
#3528=CARTESIAN_POINT('',(0.85,0.1,-0.85));
#3529=CARTESIAN_POINT('',(0.85,0.1,-0.85));
#3530=CARTESIAN_POINT('',(0.85,0.,-0.85));
#3531=CARTESIAN_POINT('Origin',(1.,0.,-0.85));
#3532=CARTESIAN_POINT('',(1.,0.1,-0.85));
#3533=CARTESIAN_POINT('',(1.,0.1,-0.85));
#3534=CARTESIAN_POINT('',(1.,0.,-0.85));
#3535=CARTESIAN_POINT('Origin',(1.,0.,-0.55));
#3536=CARTESIAN_POINT('',(1.,0.1,-0.55));
#3537=CARTESIAN_POINT('',(1.,0.1,-0.55));
#3538=CARTESIAN_POINT('',(1.,0.,-0.55));
#3539=CARTESIAN_POINT('Origin',(0.7,0.,-0.55));
#3540=CARTESIAN_POINT('',(0.7,0.1,-0.55));
#3541=CARTESIAN_POINT('Origin',(0.,0.1,0.));
#3542=CARTESIAN_POINT('',(0.,0.,0.));
#3543=CARTESIAN_POINT('Origin',(0.,0.,0.));
#3544=CARTESIAN_POINT('',(-0.85,0.,-1.));
#3545=CARTESIAN_POINT('',(-0.85,0.,-0.85));
#3546=CARTESIAN_POINT('',(-0.85,0.,-1.));
#3547=CARTESIAN_POINT('',(-1.,0.,-0.85));
#3548=CARTESIAN_POINT('',(-1.,0.,-0.85));
#3549=CARTESIAN_POINT('',(-1.,0.,-1.));
#3550=CARTESIAN_POINT('',(-1.,0.,-1.));
#3551=CARTESIAN_POINT('',(-0.85,0.,-1.));
#3552=CARTESIAN_POINT('Origin',(0.,0.,0.));
#3553=CARTESIAN_POINT('',(-1.,0.,-0.55));
#3554=CARTESIAN_POINT('',(-0.75,0.,-0.55));
#3555=CARTESIAN_POINT('',(-1.,0.,-0.55));
#3556=CARTESIAN_POINT('',(-0.6,0.,-0.7));
#3557=CARTESIAN_POINT('',(-0.75,0.,-0.55));
#3558=CARTESIAN_POINT('',(-0.6,0.,-1.));
#3559=CARTESIAN_POINT('',(-0.6,0.,-1.));
#3560=CARTESIAN_POINT('',(-0.4,0.,-1.));
#3561=CARTESIAN_POINT('',(-0.4,0.,-1.));
#3562=CARTESIAN_POINT('',(-0.4,0.,1.));
#3563=CARTESIAN_POINT('',(-0.4,0.,1.));
#3564=CARTESIAN_POINT('',(-0.6,0.,1.));
#3565=CARTESIAN_POINT('',(-0.6,0.,1.));
#3566=CARTESIAN_POINT('',(-0.6,0.,0.65));
#3567=CARTESIAN_POINT('',(-0.6,0.,1.));
#3568=CARTESIAN_POINT('',(-0.7,0.,0.55));
#3569=CARTESIAN_POINT('Origin',(-0.7,0.,0.65));
#3570=CARTESIAN_POINT('',(-1.,0.,0.55));
#3571=CARTESIAN_POINT('',(-1.,0.,0.55));
#3572=CARTESIAN_POINT('',(-1.,0.,0.35));
#3573=CARTESIAN_POINT('',(-1.,0.,0.35));
#3574=CARTESIAN_POINT('',(-0.725,0.,0.35));
#3575=CARTESIAN_POINT('',(-1.,0.,0.35));
#3576=CARTESIAN_POINT('',(-0.725,0.,0.1));
#3577=CARTESIAN_POINT('Origin',(-0.725,0.,0.225));
#3578=CARTESIAN_POINT('',(-1.,0.,0.1));
#3579=CARTESIAN_POINT('',(-1.,0.,0.1));
#3580=CARTESIAN_POINT('',(-1.,0.,-0.1));
#3581=CARTESIAN_POINT('',(-1.,0.,-0.1));
#3582=CARTESIAN_POINT('',(-0.725,0.,-0.1));
#3583=CARTESIAN_POINT('',(-1.,0.,-0.1));
#3584=CARTESIAN_POINT('',(-0.725,0.,-0.35));
#3585=CARTESIAN_POINT('Origin',(-0.725,0.,-0.225));
#3586=CARTESIAN_POINT('',(-1.,0.,-0.35));
#3587=CARTESIAN_POINT('',(-1.,0.,-0.35));
#3588=CARTESIAN_POINT('',(-1.,0.,-0.55));
#3589=CARTESIAN_POINT('Origin',(0.,0.,0.));
#3590=CARTESIAN_POINT('',(-1.,0.,0.85));
#3591=CARTESIAN_POINT('',(-0.85,0.,0.85));
#3592=CARTESIAN_POINT('',(-1.,0.,0.85));
#3593=CARTESIAN_POINT('',(-0.85,0.,1.));
#3594=CARTESIAN_POINT('',(-0.85,0.,1.));
#3595=CARTESIAN_POINT('',(-1.,0.,1.));
#3596=CARTESIAN_POINT('',(-1.,0.,1.));
#3597=CARTESIAN_POINT('',(-1.,0.,0.85));
#3598=CARTESIAN_POINT('Origin',(0.,0.,0.));
#3599=CARTESIAN_POINT('',(-0.1,0.,1.));
#3600=CARTESIAN_POINT('',(-0.1,0.,-1.));
#3601=CARTESIAN_POINT('',(-0.1,0.,1.));
#3602=CARTESIAN_POINT('',(0.1,0.,-1.));
#3603=CARTESIAN_POINT('',(0.1,0.,-1.));
#3604=CARTESIAN_POINT('',(0.1,0.,1.));
#3605=CARTESIAN_POINT('',(0.1,0.,1.));
#3606=CARTESIAN_POINT('',(-0.1,0.,1.));
#3607=CARTESIAN_POINT('Origin',(0.,0.,0.));
#3608=CARTESIAN_POINT('',(0.4,0.,1.));
#3609=CARTESIAN_POINT('',(0.4,0.,-1.));
#3610=CARTESIAN_POINT('',(0.4,0.,1.));
#3611=CARTESIAN_POINT('',(0.6,0.,-1.));
#3612=CARTESIAN_POINT('',(0.6,0.,-1.));
#3613=CARTESIAN_POINT('',(0.6,0.,-0.65));
#3614=CARTESIAN_POINT('',(0.6,0.,-1.));
#3615=CARTESIAN_POINT('',(0.7,0.,-0.55));
#3616=CARTESIAN_POINT('Origin',(0.7,0.,-0.65));
#3617=CARTESIAN_POINT('',(1.,0.,-0.55));
#3618=CARTESIAN_POINT('',(1.,0.,-0.55));
#3619=CARTESIAN_POINT('',(1.,0.,-0.35));
#3620=CARTESIAN_POINT('',(1.,0.,-0.35));
#3621=CARTESIAN_POINT('',(0.725,0.,-0.35));
#3622=CARTESIAN_POINT('',(1.,0.,-0.35));
#3623=CARTESIAN_POINT('',(0.725,0.,-0.1));
#3624=CARTESIAN_POINT('Origin',(0.725,0.,-0.225));
#3625=CARTESIAN_POINT('',(1.,0.,-0.1));
#3626=CARTESIAN_POINT('',(1.,0.,-0.1));
#3627=CARTESIAN_POINT('',(1.,0.,0.1));
#3628=CARTESIAN_POINT('',(1.,0.,0.1));
#3629=CARTESIAN_POINT('',(0.725,0.,0.1));
#3630=CARTESIAN_POINT('',(1.,0.,0.1));
#3631=CARTESIAN_POINT('',(0.725,0.,0.35));
#3632=CARTESIAN_POINT('Origin',(0.725,0.,0.225));
#3633=CARTESIAN_POINT('',(1.,0.,0.35));
#3634=CARTESIAN_POINT('',(1.,0.,0.35));
#3635=CARTESIAN_POINT('',(1.,0.,0.55));
#3636=CARTESIAN_POINT('',(1.,0.,0.55));
#3637=CARTESIAN_POINT('',(0.7,0.,0.55));
#3638=CARTESIAN_POINT('',(1.,0.,0.55));
#3639=CARTESIAN_POINT('',(0.6,0.,0.65));
#3640=CARTESIAN_POINT('Origin',(0.7,0.,0.65));
#3641=CARTESIAN_POINT('',(0.6,0.,1.));
#3642=CARTESIAN_POINT('',(0.6,0.,1.));
#3643=CARTESIAN_POINT('',(0.4,0.,1.));
#3644=CARTESIAN_POINT('Origin',(0.,0.,0.));
#3645=CARTESIAN_POINT('',(0.85,0.,1.));
#3646=CARTESIAN_POINT('',(0.85,0.,0.85));
#3647=CARTESIAN_POINT('',(0.85,0.,1.));
#3648=CARTESIAN_POINT('',(1.,0.,0.85));
#3649=CARTESIAN_POINT('',(1.,0.,0.85));
#3650=CARTESIAN_POINT('',(1.,0.,1.));
#3651=CARTESIAN_POINT('',(1.,0.,1.));
#3652=CARTESIAN_POINT('',(0.85,0.,1.));
#3653=CARTESIAN_POINT('Origin',(0.,0.,0.));
#3654=CARTESIAN_POINT('',(1.,0.,-0.85));
#3655=CARTESIAN_POINT('',(0.85,0.,-0.85));
#3656=CARTESIAN_POINT('',(1.,0.,-0.85));
#3657=CARTESIAN_POINT('',(0.85,0.,-1.));
#3658=CARTESIAN_POINT('',(0.85,0.,-1.));
#3659=CARTESIAN_POINT('',(1.,0.,-1.));
#3660=CARTESIAN_POINT('',(1.,0.,-1.));
#3661=CARTESIAN_POINT('',(1.,0.,-0.85));
#3662=CARTESIAN_POINT('Origin',(-0.85,-0.025,-1.));
#3663=CARTESIAN_POINT('',(-0.85,0.075,-1.));
#3664=CARTESIAN_POINT('',(-0.85,0.,-1.));
#3665=CARTESIAN_POINT('',(-0.85,0.075,-0.85));
#3666=CARTESIAN_POINT('',(-0.85,0.075,-1.));
#3667=CARTESIAN_POINT('',(-0.85,0.,-0.85));
#3668=CARTESIAN_POINT('Origin',(-0.85,-0.025,-0.85));
#3669=CARTESIAN_POINT('',(-1.,0.075,-0.85));
#3670=CARTESIAN_POINT('',(-0.85,0.075,-0.85));
#3671=CARTESIAN_POINT('',(-1.,0.,-0.85));
#3672=CARTESIAN_POINT('Origin',(-1.,0.,-1.));
#3673=CARTESIAN_POINT('',(-1.,0.075,-0.55));
#3674=CARTESIAN_POINT('',(-1.,0.075,-0.85));
#3675=CARTESIAN_POINT('',(-1.,0.,-0.55));
#3676=CARTESIAN_POINT('',(-1.,0.075,-0.35));
#3677=CARTESIAN_POINT('',(-1.,0.,-0.35));
#3678=CARTESIAN_POINT('',(-1.,0.075,-0.1));
#3679=CARTESIAN_POINT('',(-1.,0.075,-0.35));
#3680=CARTESIAN_POINT('',(-1.,0.,-0.1));
#3681=CARTESIAN_POINT('',(-1.,0.075,0.1));
#3682=CARTESIAN_POINT('',(-1.,0.,0.1));
#3683=CARTESIAN_POINT('',(-1.,0.075,0.35));
#3684=CARTESIAN_POINT('',(-1.,0.075,0.1));
#3685=CARTESIAN_POINT('',(-1.,0.,0.35));
#3686=CARTESIAN_POINT('',(-1.,0.075,0.55));
#3687=CARTESIAN_POINT('',(-1.,0.,0.55));
#3688=CARTESIAN_POINT('',(-1.,0.075,0.85));
#3689=CARTESIAN_POINT('',(-1.,0.075,0.55));
#3690=CARTESIAN_POINT('',(-1.,0.,0.85));
#3691=CARTESIAN_POINT('',(-1.,0.975,1.));
#3692=CARTESIAN_POINT('',(-1.,0.,1.));
#3693=CARTESIAN_POINT('',(-1.,0.975,-1.));
#3694=CARTESIAN_POINT('',(-1.,0.975,-1.));
#3695=CARTESIAN_POINT('',(-1.,0.,-1.));
#3696=CARTESIAN_POINT('Origin',(0.,0.075,0.));
#3697=CARTESIAN_POINT('',(-0.85,0.075,1.));
#3698=CARTESIAN_POINT('',(-0.6,0.075,1.));
#3699=CARTESIAN_POINT('',(-0.85,0.075,1.));
#3700=CARTESIAN_POINT('',(-0.85,0.075,0.85));
#3701=CARTESIAN_POINT('',(-0.85,0.075,0.85));
#3702=CARTESIAN_POINT('',(-1.,0.075,0.85));
#3703=CARTESIAN_POINT('',(-0.7,0.075,0.55));
#3704=CARTESIAN_POINT('',(-0.7,0.075,0.55));
#3705=CARTESIAN_POINT('',(-0.6,0.075,0.65));
#3706=CARTESIAN_POINT('Origin',(-0.7,0.075,0.65));
#3707=CARTESIAN_POINT('',(-0.6,0.075,1.));
#3708=CARTESIAN_POINT('Origin',(0.,0.075,0.));
#3709=CARTESIAN_POINT('',(-0.4,0.075,1.));
#3710=CARTESIAN_POINT('',(-0.1,0.075,1.));
#3711=CARTESIAN_POINT('',(-0.4,0.075,1.));
#3712=CARTESIAN_POINT('',(-0.4,0.075,-1.));
#3713=CARTESIAN_POINT('',(-0.4,0.075,-1.));
#3714=CARTESIAN_POINT('',(-0.1,0.075,-1.));
#3715=CARTESIAN_POINT('',(-0.1,0.075,-1.));
#3716=CARTESIAN_POINT('',(-0.1,0.075,1.));
#3717=CARTESIAN_POINT('Origin',(0.,0.075,0.));
#3718=CARTESIAN_POINT('',(0.1,0.075,1.));
#3719=CARTESIAN_POINT('',(0.4,0.075,1.));
#3720=CARTESIAN_POINT('',(0.1,0.075,1.));
#3721=CARTESIAN_POINT('',(0.1,0.075,-1.));
#3722=CARTESIAN_POINT('',(0.1,0.075,-1.));
#3723=CARTESIAN_POINT('',(0.4,0.075,-1.));
#3724=CARTESIAN_POINT('',(0.4,0.075,-1.));
#3725=CARTESIAN_POINT('',(0.4,0.075,1.));
#3726=CARTESIAN_POINT('Origin',(0.,0.075,0.));
#3727=CARTESIAN_POINT('',(0.6,0.075,1.));
#3728=CARTESIAN_POINT('',(0.85,0.075,1.));
#3729=CARTESIAN_POINT('',(0.6,0.075,1.));
#3730=CARTESIAN_POINT('',(0.6,0.075,0.65));
#3731=CARTESIAN_POINT('',(0.6,0.075,0.65));
#3732=CARTESIAN_POINT('',(0.7,0.075,0.55));
#3733=CARTESIAN_POINT('Origin',(0.7,0.075,0.65));
#3734=CARTESIAN_POINT('',(1.,0.075,0.55));
#3735=CARTESIAN_POINT('',(1.,0.075,0.55));
#3736=CARTESIAN_POINT('',(1.,0.075,0.85));
#3737=CARTESIAN_POINT('',(1.,0.075,0.85));
#3738=CARTESIAN_POINT('',(0.85,0.075,0.85));
#3739=CARTESIAN_POINT('',(0.85,0.075,0.85));
#3740=CARTESIAN_POINT('',(0.85,0.075,1.));
#3741=CARTESIAN_POINT('Origin',(0.,0.075,0.));
#3742=CARTESIAN_POINT('',(1.,0.075,0.35));
#3743=CARTESIAN_POINT('',(1.,0.075,0.1));
#3744=CARTESIAN_POINT('',(1.,0.075,0.35));
#3745=CARTESIAN_POINT('',(0.725,0.075,0.35));
#3746=CARTESIAN_POINT('',(0.725,0.075,0.35));
#3747=CARTESIAN_POINT('',(0.725,0.075,0.1));
#3748=CARTESIAN_POINT('Origin',(0.725,0.075,0.225));
#3749=CARTESIAN_POINT('',(1.,0.075,0.1));
#3750=CARTESIAN_POINT('Origin',(0.,0.075,0.));
#3751=CARTESIAN_POINT('',(1.,0.075,-0.1));
#3752=CARTESIAN_POINT('',(1.,0.075,-0.35));
#3753=CARTESIAN_POINT('',(1.,0.075,-0.1));
#3754=CARTESIAN_POINT('',(0.725,0.075,-0.1));
#3755=CARTESIAN_POINT('',(0.725,0.075,-0.1));
#3756=CARTESIAN_POINT('',(0.725,0.075,-0.35));
#3757=CARTESIAN_POINT('Origin',(0.725,0.075,-0.225));
#3758=CARTESIAN_POINT('',(1.,0.075,-0.35));
#3759=CARTESIAN_POINT('Origin',(0.,0.075,0.));
#3760=CARTESIAN_POINT('',(1.,0.075,-0.55));
#3761=CARTESIAN_POINT('',(1.,0.075,-0.85));
#3762=CARTESIAN_POINT('',(1.,0.075,-0.55));
#3763=CARTESIAN_POINT('',(0.7,0.075,-0.55));
#3764=CARTESIAN_POINT('',(0.7,0.075,-0.55));
#3765=CARTESIAN_POINT('',(0.6,0.075,-0.65));
#3766=CARTESIAN_POINT('Origin',(0.7,0.075,-0.65));
#3767=CARTESIAN_POINT('',(0.6,0.075,-1.));
#3768=CARTESIAN_POINT('',(0.6,0.075,-1.));
#3769=CARTESIAN_POINT('',(0.85,0.075,-1.));
#3770=CARTESIAN_POINT('',(0.85,0.075,-1.));
#3771=CARTESIAN_POINT('',(0.85,0.075,-0.85));
#3772=CARTESIAN_POINT('',(0.85,0.075,-0.85));
#3773=CARTESIAN_POINT('',(1.,0.075,-0.85));
#3774=CARTESIAN_POINT('Origin',(0.,0.075,0.));
#3775=CARTESIAN_POINT('',(-0.6,0.075,-1.));
#3776=CARTESIAN_POINT('',(-0.6,0.075,-1.));
#3777=CARTESIAN_POINT('',(-0.6,0.075,-0.7));
#3778=CARTESIAN_POINT('',(-0.6,0.075,-0.7));
#3779=CARTESIAN_POINT('',(-0.75,0.075,-0.55));
#3780=CARTESIAN_POINT('',(-0.75,0.075,-0.55));
#3781=CARTESIAN_POINT('',(-1.,0.075,-0.55));
#3782=CARTESIAN_POINT('Origin',(0.,0.075,0.));
#3783=CARTESIAN_POINT('',(-0.725,0.075,-0.35));
#3784=CARTESIAN_POINT('',(-0.725,0.075,-0.35));
#3785=CARTESIAN_POINT('',(-0.725,0.075,-0.1));
#3786=CARTESIAN_POINT('Origin',(-0.725,0.075,-0.225));
#3787=CARTESIAN_POINT('',(-1.,0.075,-0.1));
#3788=CARTESIAN_POINT('Origin',(0.,0.075,0.));
#3789=CARTESIAN_POINT('',(-0.725,0.075,0.1));
#3790=CARTESIAN_POINT('',(-0.725,0.075,0.1));
#3791=CARTESIAN_POINT('',(-0.725,0.075,0.35));
#3792=CARTESIAN_POINT('Origin',(-0.725,0.075,0.225));
#3793=CARTESIAN_POINT('',(-1.,0.075,0.35));
#3794=CARTESIAN_POINT('Origin',(-1.,0.,1.));
#3795=CARTESIAN_POINT('',(-0.6,0.,1.));
#3796=CARTESIAN_POINT('',(-0.4,0.,1.));
#3797=CARTESIAN_POINT('',(-0.1,0.,1.));
#3798=CARTESIAN_POINT('',(0.1,0.,1.));
#3799=CARTESIAN_POINT('',(0.4,0.,1.));
#3800=CARTESIAN_POINT('',(0.6,0.,1.));
#3801=CARTESIAN_POINT('',(0.85,0.,1.));
#3802=CARTESIAN_POINT('',(1.,0.975,1.));
#3803=CARTESIAN_POINT('',(1.,0.,1.));
#3804=CARTESIAN_POINT('',(-1.,0.975,1.));
#3805=CARTESIAN_POINT('',(-0.85,0.,1.));
#3806=CARTESIAN_POINT('Origin',(-0.85,-0.025,0.85));
#3807=CARTESIAN_POINT('',(-0.85,0.,0.85));
#3808=CARTESIAN_POINT('Origin',(-1.,-0.025,0.85));
#3809=CARTESIAN_POINT('Origin',(0.,0.975,0.));
#3810=CARTESIAN_POINT('',(1.,0.975,-1.));
#3811=CARTESIAN_POINT('',(1.,0.975,1.));
#3812=CARTESIAN_POINT('',(1.,0.975,-1.));
#3813=CARTESIAN_POINT('Origin',(1.,0.,-1.));
#3814=CARTESIAN_POINT('',(0.6,0.,-1.));
#3815=CARTESIAN_POINT('',(0.4,0.,-1.));
#3816=CARTESIAN_POINT('',(0.1,0.,-1.));
#3817=CARTESIAN_POINT('',(-0.1,0.,-1.));
#3818=CARTESIAN_POINT('',(-0.4,0.,-1.));
#3819=CARTESIAN_POINT('',(-0.6,0.,-1.));
#3820=CARTESIAN_POINT('',(1.,0.,-1.));
#3821=CARTESIAN_POINT('',(0.85,0.,-1.));
#3822=CARTESIAN_POINT('Origin',(0.85,-0.025,-0.85));
#3823=CARTESIAN_POINT('',(0.85,0.,-0.85));
#3824=CARTESIAN_POINT('Origin',(1.,-0.025,-0.85));
#3825=CARTESIAN_POINT('',(1.,0.,-0.85));
#3826=CARTESIAN_POINT('Origin',(1.,0.,1.));
#3827=CARTESIAN_POINT('',(1.,0.,0.55));
#3828=CARTESIAN_POINT('',(1.,0.,0.35));
#3829=CARTESIAN_POINT('',(1.,0.,0.1));
#3830=CARTESIAN_POINT('',(1.,0.,-0.1));
#3831=CARTESIAN_POINT('',(1.,0.,-0.35));
#3832=CARTESIAN_POINT('',(1.,0.,-0.55));
#3833=CARTESIAN_POINT('',(1.,0.,0.85));
#3834=CARTESIAN_POINT('Origin',(0.85,-0.025,0.85));
#3835=CARTESIAN_POINT('',(0.85,0.,0.85));
#3836=CARTESIAN_POINT('Origin',(0.85,-0.025,1.));
#3837=CARTESIAN_POINT('Origin',(0.7,-0.025,-0.55));
#3838=CARTESIAN_POINT('',(0.7,0.,-0.55));
#3839=CARTESIAN_POINT('Origin',(0.7,-0.025,-0.65));
#3840=CARTESIAN_POINT('',(0.6,0.,-0.65));
#3841=CARTESIAN_POINT('Origin',(0.6,-0.025,-1.));
#3842=CARTESIAN_POINT('Origin',(1.,-0.025,-0.35));
#3843=CARTESIAN_POINT('',(0.725,0.,-0.35));
#3844=CARTESIAN_POINT('Origin',(0.725,-0.025,-0.225));
#3845=CARTESIAN_POINT('',(0.725,0.,-0.1));
#3846=CARTESIAN_POINT('Origin',(0.725,-0.025,-0.1));
#3847=CARTESIAN_POINT('Origin',(1.,-0.025,0.1));
#3848=CARTESIAN_POINT('',(0.725,0.,0.1));
#3849=CARTESIAN_POINT('Origin',(0.725,-0.025,0.225));
#3850=CARTESIAN_POINT('',(0.725,0.,0.35));
#3851=CARTESIAN_POINT('Origin',(0.725,-0.025,0.35));
#3852=CARTESIAN_POINT('Origin',(1.,-0.025,0.55));
#3853=CARTESIAN_POINT('',(0.7,0.,0.55));
#3854=CARTESIAN_POINT('Origin',(0.7,-0.025,0.65));
#3855=CARTESIAN_POINT('',(0.6,0.,0.65));
#3856=CARTESIAN_POINT('Origin',(0.6,-0.025,0.65));
#3857=CARTESIAN_POINT('Origin',(-0.6,-0.025,-0.7));
#3858=CARTESIAN_POINT('',(-0.6,0.,-0.7));
#3859=CARTESIAN_POINT('Origin',(-0.75,-0.025,-0.55));
#3860=CARTESIAN_POINT('',(-0.75,0.,-0.55));
#3861=CARTESIAN_POINT('Origin',(-1.,-0.025,-0.55));
#3862=CARTESIAN_POINT('Origin',(-0.4,-0.025,-1.));
#3863=CARTESIAN_POINT('Origin',(-0.1,-0.025,1.));
#3864=CARTESIAN_POINT('Origin',(0.1,-0.025,-1.));
#3865=CARTESIAN_POINT('Origin',(0.4,-0.025,1.));
#3866=CARTESIAN_POINT('Origin',(-0.6,-0.025,1.));
#3867=CARTESIAN_POINT('',(-0.6,0.,0.65));
#3868=CARTESIAN_POINT('Origin',(-0.7,-0.025,0.65));
#3869=CARTESIAN_POINT('',(-0.7,0.,0.55));
#3870=CARTESIAN_POINT('Origin',(-0.7,-0.025,0.55));
#3871=CARTESIAN_POINT('Origin',(-1.,-0.025,-0.1));
#3872=CARTESIAN_POINT('',(-0.725,0.,-0.1));
#3873=CARTESIAN_POINT('Origin',(-0.725,-0.025,-0.225));
#3874=CARTESIAN_POINT('',(-0.725,0.,-0.35));
#3875=CARTESIAN_POINT('Origin',(-0.725,-0.025,-0.35));
#3876=CARTESIAN_POINT('Origin',(-1.,-0.025,0.35));
#3877=CARTESIAN_POINT('',(-0.725,0.,0.35));
#3878=CARTESIAN_POINT('Origin',(-0.725,-0.025,0.225));
#3879=CARTESIAN_POINT('',(-0.725,0.,0.1));
#3880=CARTESIAN_POINT('Origin',(-0.725,-0.025,0.1));
#3881=CARTESIAN_POINT('',(0.,0.,0.));
#3882=CARTESIAN_POINT('',(0.,0.,0.025));
#3883=UNCERTAINTY_MEASURE_WITH_UNIT(LENGTH_MEASURE(0.01),#3891,
'DISTANCE_ACCURACY_VALUE',
'Maximum model space distance between geometric entities at asserted c
onnectivities');
#3884=UNCERTAINTY_MEASURE_WITH_UNIT(LENGTH_MEASURE(0.01),#3891,
'DISTANCE_ACCURACY_VALUE',
'Maximum model space distance between geometric entities at asserted c
onnectivities');
#3885=UNCERTAINTY_MEASURE_WITH_UNIT(LENGTH_MEASURE(0.01),#3891,
'DISTANCE_ACCURACY_VALUE',
'Maximum model space distance between geometric entities at asserted c
onnectivities');
#3886=UNCERTAINTY_MEASURE_WITH_UNIT(LENGTH_MEASURE(0.01),#3891,
'DISTANCE_ACCURACY_VALUE',
'Maximum model space distance between geometric entities at asserted c
onnectivities');
#3887=(
GEOMETRIC_REPRESENTATION_CONTEXT(3)
GLOBAL_UNCERTAINTY_ASSIGNED_CONTEXT((#3883))
GLOBAL_UNIT_ASSIGNED_CONTEXT((#3891,#3893,#3894))
REPRESENTATION_CONTEXT('','3D')
);
#3888=(
GEOMETRIC_REPRESENTATION_CONTEXT(3)
GLOBAL_UNCERTAINTY_ASSIGNED_CONTEXT((#3884))
GLOBAL_UNIT_ASSIGNED_CONTEXT((#3891,#3893,#3894))
REPRESENTATION_CONTEXT('','3D')
);
#3889=(
GEOMETRIC_REPRESENTATION_CONTEXT(3)
GLOBAL_UNCERTAINTY_ASSIGNED_CONTEXT((#3885))
GLOBAL_UNIT_ASSIGNED_CONTEXT((#3891,#3893,#3894))
REPRESENTATION_CONTEXT('','3D')
);
#3890=(
GEOMETRIC_REPRESENTATION_CONTEXT(3)
GLOBAL_UNCERTAINTY_ASSIGNED_CONTEXT((#3886))
GLOBAL_UNIT_ASSIGNED_CONTEXT((#3891,#3893,#3894))
REPRESENTATION_CONTEXT('','3D')
);
#3891=(
LENGTH_UNIT()
NAMED_UNIT(*)
SI_UNIT(.MILLI.,.METRE.)
);
#3892=(
LENGTH_UNIT()
NAMED_UNIT(*)
SI_UNIT($,.METRE.)
);
#3893=(
NAMED_UNIT(*)
PLANE_ANGLE_UNIT()
SI_UNIT($,.RADIAN.)
);
#3894=(
NAMED_UNIT(*)
SI_UNIT($,.STERADIAN.)
SOLID_ANGLE_UNIT()
);
#3895=SHAPE_DEFINITION_REPRESENTATION(#3898,#3903);
#3896=SHAPE_DEFINITION_REPRESENTATION(#3899,#3904);
#3897=SHAPE_DEFINITION_REPRESENTATION(#3900,#3905);
#3898=PRODUCT_DEFINITION_SHAPE('',$,#3907);
#3899=PRODUCT_DEFINITION_SHAPE('',$,#3908);
#3900=PRODUCT_DEFINITION_SHAPE('',$,#3909);
#3901=PRODUCT_DEFINITION_SHAPE($,$,#17);
#3902=PRODUCT_DEFINITION_SHAPE($,$,#18);
#3903=SHAPE_REPRESENTATION('',(#2423,#2584,#2585),#3887);
#3904=SHAPE_REPRESENTATION('',(#2424),#3888);
#3905=SHAPE_REPRESENTATION('',(#2511),#3889);
#3906=PRODUCT_DEFINITION_CONTEXT('part definition',#3917,'design');
#3907=PRODUCT_DEFINITION('RPW0010A_ASM','(Unsaved)',#3910,#3906);
#3908=PRODUCT_DEFINITION('FRAME','FRAME',#3911,#3906);
#3909=PRODUCT_DEFINITION('MOLD','MOLD',#3912,#3906);
#3910=PRODUCT_DEFINITION_FORMATION('',$,#3919);
#3911=PRODUCT_DEFINITION_FORMATION('',$,#3920);
#3912=PRODUCT_DEFINITION_FORMATION('',$,#3921);
#3913=PRODUCT_RELATED_PRODUCT_CATEGORY('(Unsaved)','(Unsaved)',(#3919));
#3914=PRODUCT_RELATED_PRODUCT_CATEGORY('FRAME','FRAME',(#3920));
#3915=PRODUCT_RELATED_PRODUCT_CATEGORY('MOLD','MOLD',(#3921));
#3916=APPLICATION_PROTOCOL_DEFINITION('international standard',
'automotive_design',2009,#3917);
#3917=APPLICATION_CONTEXT(
'Core Data for Automotive Mechanical Design Process');
#3918=PRODUCT_CONTEXT('part definition',#3917,'mechanical');
#3919=PRODUCT('RPW0010A_ASM','(Unsaved)',$,(#3918));
#3920=PRODUCT('FRAME','FRAME','NOT SPECIFIED',(#3918));
#3921=PRODUCT('MOLD','MOLD','NOT SPECIFIED',(#3918));
#3922=PRESENTATION_STYLE_ASSIGNMENT((#3926));
#3923=PRESENTATION_STYLE_ASSIGNMENT((#3927));
#3924=PRESENTATION_STYLE_ASSIGNMENT((#3928));
#3925=PRESENTATION_STYLE_ASSIGNMENT((#3929));
#3926=SURFACE_STYLE_USAGE(.BOTH.,#3930);
#3927=SURFACE_STYLE_USAGE(.BOTH.,#3931);
#3928=SURFACE_STYLE_USAGE(.BOTH.,#3932);
#3929=SURFACE_STYLE_USAGE(.BOTH.,#3933);
#3930=SURFACE_SIDE_STYLE('',(#3934));
#3931=SURFACE_SIDE_STYLE('',(#3935));
#3932=SURFACE_SIDE_STYLE('',(#3936));
#3933=SURFACE_SIDE_STYLE('',(#3937));
#3934=SURFACE_STYLE_FILL_AREA(#3938);
#3935=SURFACE_STYLE_FILL_AREA(#3939);
#3936=SURFACE_STYLE_FILL_AREA(#3940);
#3937=SURFACE_STYLE_FILL_AREA(#3941);
#3938=FILL_AREA_STYLE('Steel - Satin',(#3942));
#3939=FILL_AREA_STYLE('Opaque(225,225,225)',(#3943));
#3940=FILL_AREA_STYLE('Opaque(155,96,80)',(#3944));
#3941=FILL_AREA_STYLE('Opaque(25,25,25)',(#3945));
#3942=FILL_AREA_STYLE_COLOUR('Steel - Satin',#3946);
#3943=FILL_AREA_STYLE_COLOUR('Opaque(225,225,225)',#3947);
#3944=FILL_AREA_STYLE_COLOUR('Opaque(155,96,80)',#3948);
#3945=FILL_AREA_STYLE_COLOUR('Opaque(25,25,25)',#3949);
#3946=COLOUR_RGB('Steel - Satin',0.627450980392157,0.627450980392157,0.627450980392157);
#3947=COLOUR_RGB('Opaque(225,225,225)',0.882352941176471,0.882352941176471,
0.882352941176471);
#3948=COLOUR_RGB('Opaque(155,96,80)',0.607843137254902,0.376470588235294,
0.313725490196078);
#3949=COLOUR_RGB('Opaque(25,25,25)',0.0980392156862745,0.0980392156862745,
0.0980392156862745);
ENDSEC;
END-ISO-10303-21;
